"date_collected","site","block","treatment","quad","horizon","root_size","species","mass_g"
"2012-07-25 to 2012-07-30","MAT06","1","CT","1","O","coarse","Eriophorum vaginatum",0
"2012-07-25 to 2012-07-30","MAT06","1","CT","2","O","coarse","Eriophorum vaginatum",0
"2012-07-25 to 2012-07-30","MAT06","1","CT","3","O","coarse","Eriophorum vaginatum",0
"2012-07-25 to 2012-07-30","MAT06","1","CT","4","O","coarse","Eriophorum vaginatum",0
"2012-07-25 to 2012-07-30","MAT06","1","CT","5","O","coarse","Eriophorum vaginatum",0
"2012-07-25 to 2012-07-30","MAT06","2","CT","1","O","coarse","Eriophorum vaginatum",0
"2012-07-25 to 2012-07-30","MAT06","2","CT","2","O","coarse","Eriophorum vaginatum",0
"2012-07-25 to 2012-07-30","MAT06","2","CT","3","O","coarse","Eriophorum vaginatum",0
"2012-07-25 to 2012-07-30","MAT06","2","CT","4","O","coarse","Eriophorum vaginatum",0
"2012-07-25 to 2012-07-30","MAT06","2","CT","5","O","coarse","Eriophorum vaginatum",0
"2012-07-25 to 2012-07-30","MAT06","3","CT","1","O","coarse","Eriophorum vaginatum",0
"2012-07-25 to 2012-07-30","MAT06","3","CT","2","O","coarse","Eriophorum vaginatum",0
"2012-07-25 to 2012-07-30","MAT06","3","CT","3","O","coarse","Eriophorum vaginatum",0
"2012-07-25 to 2012-07-30","MAT06","3","CT","4","O","coarse","Eriophorum vaginatum",0
"2012-07-25 to 2012-07-30","MAT06","3","CT","5","O","coarse","Eriophorum vaginatum",0
"2012-07-25 to 2012-07-30","MAT06","1","CT","1","O","fine","Eriophorum vaginatum",0.006
"2012-07-25 to 2012-07-30","MAT06","1","CT","2","O","fine","Eriophorum vaginatum",0
"2012-07-25 to 2012-07-30","MAT06","1","CT","3","O","fine","Eriophorum vaginatum",0.237
"2012-07-25 to 2012-07-30","MAT06","1","CT","4","O","fine","Eriophorum vaginatum",0.003
"2012-07-25 to 2012-07-30","MAT06","1","CT","5","O","fine","Eriophorum vaginatum",0.021
"2012-07-25 to 2012-07-30","MAT06","2","CT","1","O","fine","Eriophorum vaginatum",0
"2012-07-25 to 2012-07-30","MAT06","2","CT","2","O","fine","Eriophorum vaginatum",0.183
"2012-07-25 to 2012-07-30","MAT06","2","CT","3","O","fine","Eriophorum vaginatum",0.001
"2012-07-25 to 2012-07-30","MAT06","2","CT","4","O","fine","Eriophorum vaginatum",0
"2012-07-25 to 2012-07-30","MAT06","2","CT","5","O","fine","Eriophorum vaginatum",0
"2012-07-25 to 2012-07-30","MAT06","3","CT","1","O","fine","Eriophorum vaginatum",0
"2012-07-25 to 2012-07-30","MAT06","3","CT","2","O","fine","Eriophorum vaginatum",0.002
"2012-07-25 to 2012-07-30","MAT06","3","CT","3","O","fine","Eriophorum vaginatum",0.016
"2012-07-25 to 2012-07-30","MAT06","3","CT","4","O","fine","Eriophorum vaginatum",0
"2012-07-25 to 2012-07-30","MAT06","3","CT","5","O","fine","Eriophorum vaginatum",0
"2012-07-25 to 2012-07-30","MAT06","1","CT","1","O","coarse","Carex bigelowii",0
"2012-07-25 to 2012-07-30","MAT06","1","CT","2","O","coarse","Carex bigelowii",0
"2012-07-25 to 2012-07-30","MAT06","1","CT","3","O","coarse","Carex bigelowii",0
"2012-07-25 to 2012-07-30","MAT06","1","CT","4","O","coarse","Carex bigelowii",0
"2012-07-25 to 2012-07-30","MAT06","1","CT","5","O","coarse","Carex bigelowii",0
"2012-07-25 to 2012-07-30","MAT06","2","CT","1","O","coarse","Carex bigelowii",0
"2012-07-25 to 2012-07-30","MAT06","2","CT","2","O","coarse","Carex bigelowii",0
"2012-07-25 to 2012-07-30","MAT06","2","CT","3","O","coarse","Carex bigelowii",0
"2012-07-25 to 2012-07-30","MAT06","2","CT","4","O","coarse","Carex bigelowii",0
"2012-07-25 to 2012-07-30","MAT06","2","CT","5","O","coarse","Carex bigelowii",0
"2012-07-25 to 2012-07-30","MAT06","3","CT","1","O","coarse","Carex bigelowii",0.037
"2012-07-25 to 2012-07-30","MAT06","3","CT","2","O","coarse","Carex bigelowii",0
"2012-07-25 to 2012-07-30","MAT06","3","CT","3","O","coarse","Carex bigelowii",0
"2012-07-25 to 2012-07-30","MAT06","3","CT","4","O","coarse","Carex bigelowii",0
"2012-07-25 to 2012-07-30","MAT06","3","CT","5","O","coarse","Carex bigelowii",0
"2012-07-25 to 2012-07-30","MAT06","1","CT","1","O","fine","Carex bigelowii",0
"2012-07-25 to 2012-07-30","MAT06","1","CT","2","O","fine","Carex bigelowii",0.718
"2012-07-25 to 2012-07-30","MAT06","1","CT","3","O","fine","Carex bigelowii",0.028
"2012-07-25 to 2012-07-30","MAT06","1","CT","4","O","fine","Carex bigelowii",0.038
"2012-07-25 to 2012-07-30","MAT06","1","CT","5","O","fine","Carex bigelowii",0
"2012-07-25 to 2012-07-30","MAT06","2","CT","1","O","fine","Carex bigelowii",0.053
"2012-07-25 to 2012-07-30","MAT06","2","CT","2","O","fine","Carex bigelowii",0
"2012-07-25 to 2012-07-30","MAT06","2","CT","3","O","fine","Carex bigelowii",0.037
"2012-07-25 to 2012-07-30","MAT06","2","CT","4","O","fine","Carex bigelowii",0
"2012-07-25 to 2012-07-30","MAT06","2","CT","5","O","fine","Carex bigelowii",0.336
"2012-07-25 to 2012-07-30","MAT06","3","CT","1","O","fine","Carex bigelowii",0.429
"2012-07-25 to 2012-07-30","MAT06","3","CT","2","O","fine","Carex bigelowii",0.02
"2012-07-25 to 2012-07-30","MAT06","3","CT","3","O","fine","Carex bigelowii",0
"2012-07-25 to 2012-07-30","MAT06","3","CT","4","O","fine","Carex bigelowii",0.066
"2012-07-25 to 2012-07-30","MAT06","3","CT","5","O","fine","Carex bigelowii",0
"2012-07-25 to 2012-07-30","MAT06","1","CT","1","O","coarse","Other Graminoids",0
"2012-07-25 to 2012-07-30","MAT06","1","CT","2","O","coarse","Other Graminoids",0
"2012-07-25 to 2012-07-30","MAT06","1","CT","3","O","coarse","Other Graminoids",0
"2012-07-25 to 2012-07-30","MAT06","1","CT","4","O","coarse","Other Graminoids",0
"2012-07-25 to 2012-07-30","MAT06","1","CT","5","O","coarse","Other Graminoids",0
"2012-07-25 to 2012-07-30","MAT06","2","CT","1","O","coarse","Other Graminoids",0
"2012-07-25 to 2012-07-30","MAT06","2","CT","2","O","coarse","Other Graminoids",0
"2012-07-25 to 2012-07-30","MAT06","2","CT","3","O","coarse","Other Graminoids",0
"2012-07-25 to 2012-07-30","MAT06","2","CT","4","O","coarse","Other Graminoids",0
"2012-07-25 to 2012-07-30","MAT06","2","CT","5","O","coarse","Other Graminoids",0
"2012-07-25 to 2012-07-30","MAT06","3","CT","1","O","coarse","Other Graminoids",0
"2012-07-25 to 2012-07-30","MAT06","3","CT","2","O","coarse","Other Graminoids",0
"2012-07-25 to 2012-07-30","MAT06","3","CT","3","O","coarse","Other Graminoids",0
"2012-07-25 to 2012-07-30","MAT06","3","CT","4","O","coarse","Other Graminoids",0
"2012-07-25 to 2012-07-30","MAT06","3","CT","5","O","coarse","Other Graminoids",0
"2012-07-25 to 2012-07-30","MAT06","1","CT","1","O","fine","Other Graminoids",0
"2012-07-25 to 2012-07-30","MAT06","1","CT","2","O","fine","Other Graminoids",0
"2012-07-25 to 2012-07-30","MAT06","1","CT","3","O","fine","Other Graminoids",0
"2012-07-25 to 2012-07-30","MAT06","1","CT","4","O","fine","Other Graminoids",0
"2012-07-25 to 2012-07-30","MAT06","1","CT","5","O","fine","Other Graminoids",0
"2012-07-25 to 2012-07-30","MAT06","2","CT","1","O","fine","Other Graminoids",0
"2012-07-25 to 2012-07-30","MAT06","2","CT","2","O","fine","Other Graminoids",0
"2012-07-25 to 2012-07-30","MAT06","2","CT","3","O","fine","Other Graminoids",0.039
"2012-07-25 to 2012-07-30","MAT06","2","CT","4","O","fine","Other Graminoids",0.024
"2012-07-25 to 2012-07-30","MAT06","2","CT","5","O","fine","Other Graminoids",0
"2012-07-25 to 2012-07-30","MAT06","3","CT","1","O","fine","Other Graminoids",0
"2012-07-25 to 2012-07-30","MAT06","3","CT","2","O","fine","Other Graminoids",0
"2012-07-25 to 2012-07-30","MAT06","3","CT","3","O","fine","Other Graminoids",0
"2012-07-25 to 2012-07-30","MAT06","3","CT","4","O","fine","Other Graminoids",0
"2012-07-25 to 2012-07-30","MAT06","3","CT","5","O","fine","Other Graminoids",0
"2012-07-25 to 2012-07-30","MAT06","1","CT","1","O","coarse","Other Roots",0
"2012-07-25 to 2012-07-30","MAT06","1","CT","2","O","coarse","Other Roots",0
"2012-07-25 to 2012-07-30","MAT06","1","CT","3","O","coarse","Other Roots",0
"2012-07-25 to 2012-07-30","MAT06","1","CT","4","O","coarse","Other Roots",0.417
"2012-07-25 to 2012-07-30","MAT06","1","CT","5","O","coarse","Other Roots",0
"2012-07-25 to 2012-07-30","MAT06","2","CT","1","O","coarse","Other Roots",0
"2012-07-25 to 2012-07-30","MAT06","2","CT","2","O","coarse","Other Roots",0
"2012-07-25 to 2012-07-30","MAT06","2","CT","3","O","coarse","Other Roots",0
"2012-07-25 to 2012-07-30","MAT06","2","CT","4","O","coarse","Other Roots",0
"2012-07-25 to 2012-07-30","MAT06","2","CT","5","O","coarse","Other Roots",0
"2012-07-25 to 2012-07-30","MAT06","3","CT","1","O","coarse","Other Roots",0
"2012-07-25 to 2012-07-30","MAT06","3","CT","2","O","coarse","Other Roots",0
"2012-07-25 to 2012-07-30","MAT06","3","CT","3","O","coarse","Other Roots",0
"2012-07-25 to 2012-07-30","MAT06","3","CT","4","O","coarse","Other Roots",0
"2012-07-25 to 2012-07-30","MAT06","3","CT","5","O","coarse","Other Roots",0
"2012-07-25 to 2012-07-30","MAT06","1","CT","1","O","fine","Other Roots",0.208
"2012-07-25 to 2012-07-30","MAT06","1","CT","2","O","fine","Other Roots",2.501
"2012-07-25 to 2012-07-30","MAT06","1","CT","3","O","fine","Other Roots",0.12
"2012-07-25 to 2012-07-30","MAT06","1","CT","4","O","fine","Other Roots",2.03
"2012-07-25 to 2012-07-30","MAT06","1","CT","5","O","fine","Other Roots",0.687
"2012-07-25 to 2012-07-30","MAT06","2","CT","1","O","fine","Other Roots",1.253
"2012-07-25 to 2012-07-30","MAT06","2","CT","2","O","fine","Other Roots",0.169
"2012-07-25 to 2012-07-30","MAT06","2","CT","3","O","fine","Other Roots",1.305
"2012-07-25 to 2012-07-30","MAT06","2","CT","4","O","fine","Other Roots",2.383
"2012-07-25 to 2012-07-30","MAT06","2","CT","5","O","fine","Other Roots",0.233
"2012-07-25 to 2012-07-30","MAT06","3","CT","1","O","fine","Other Roots",0.436
"2012-07-25 to 2012-07-30","MAT06","3","CT","2","O","fine","Other Roots",0.481
"2012-07-25 to 2012-07-30","MAT06","3","CT","3","O","fine","Other Roots",0.361
"2012-07-25 to 2012-07-30","MAT06","3","CT","4","O","fine","Other Roots",0.208
"2012-07-25 to 2012-07-30","MAT06","3","CT","5","O","fine","Other Roots",0.65
"2012-07-25 to 2012-07-30","MAT06","1","CT","1","T","coarse","Eriophorum vaginatum",0
"2012-07-25 to 2012-07-30","MAT06","1","CT","2","T","coarse","Eriophorum vaginatum",0
"2012-07-25 to 2012-07-30","MAT06","1","CT","3","T","coarse","Eriophorum vaginatum",0
"2012-07-25 to 2012-07-30","MAT06","1","CT","4","T","coarse","Eriophorum vaginatum",0
"2012-07-25 to 2012-07-30","MAT06","1","CT","5","T","coarse","Eriophorum vaginatum",0
"2012-07-25 to 2012-07-30","MAT06","2","CT","1","T","coarse","Eriophorum vaginatum",0
"2012-07-25 to 2012-07-30","MAT06","2","CT","2","T","coarse","Eriophorum vaginatum",0
"2012-07-25 to 2012-07-30","MAT06","2","CT","3","T","coarse","Eriophorum vaginatum",0
"2012-07-25 to 2012-07-30","MAT06","2","CT","4","T","coarse","Eriophorum vaginatum",0
"2012-07-25 to 2012-07-30","MAT06","2","CT","5","T","coarse","Eriophorum vaginatum",0
"2012-07-25 to 2012-07-30","MAT06","3","CT","1","T","coarse","Eriophorum vaginatum",0
"2012-07-25 to 2012-07-30","MAT06","3","CT","2","T","coarse","Eriophorum vaginatum",0
"2012-07-25 to 2012-07-30","MAT06","3","CT","3","T","coarse","Eriophorum vaginatum",0
"2012-07-25 to 2012-07-30","MAT06","3","CT","4","T","coarse","Eriophorum vaginatum",0
"2012-07-25 to 2012-07-30","MAT06","3","CT","5","T","coarse","Eriophorum vaginatum",0
"2012-07-25 to 2012-07-30","MAT06","1","CT","1","T","fine","Eriophorum vaginatum",0
"2012-07-25 to 2012-07-30","MAT06","1","CT","2","T","fine","Eriophorum vaginatum",0.015
"2012-07-25 to 2012-07-30","MAT06","1","CT","3","T","fine","Eriophorum vaginatum",0
"2012-07-25 to 2012-07-30","MAT06","1","CT","4","T","fine","Eriophorum vaginatum",0
"2012-07-25 to 2012-07-30","MAT06","1","CT","5","T","fine","Eriophorum vaginatum",0.023
"2012-07-25 to 2012-07-30","MAT06","2","CT","1","T","fine","Eriophorum vaginatum",0
"2012-07-25 to 2012-07-30","MAT06","2","CT","2","T","fine","Eriophorum vaginatum",0.095
"2012-07-25 to 2012-07-30","MAT06","2","CT","3","T","fine","Eriophorum vaginatum",0.05
"2012-07-25 to 2012-07-30","MAT06","2","CT","4","T","fine","Eriophorum vaginatum",0
"2012-07-25 to 2012-07-30","MAT06","2","CT","5","T","fine","Eriophorum vaginatum",0.004
"2012-07-25 to 2012-07-30","MAT06","3","CT","1","T","fine","Eriophorum vaginatum",0
"2012-07-25 to 2012-07-30","MAT06","3","CT","2","T","fine","Eriophorum vaginatum",0.009
"2012-07-25 to 2012-07-30","MAT06","3","CT","3","T","fine","Eriophorum vaginatum",0
"2012-07-25 to 2012-07-30","MAT06","3","CT","4","T","fine","Eriophorum vaginatum",0
"2012-07-25 to 2012-07-30","MAT06","3","CT","5","T","fine","Eriophorum vaginatum",0
"2012-07-25 to 2012-07-30","MAT06","1","CT","1","T","coarse","Carex bigelowii",0
"2012-07-25 to 2012-07-30","MAT06","1","CT","2","T","coarse","Carex bigelowii",0
"2012-07-25 to 2012-07-30","MAT06","1","CT","3","T","coarse","Carex bigelowii",0
"2012-07-25 to 2012-07-30","MAT06","1","CT","4","T","coarse","Carex bigelowii",0
"2012-07-25 to 2012-07-30","MAT06","1","CT","5","T","coarse","Carex bigelowii",0
"2012-07-25 to 2012-07-30","MAT06","2","CT","1","T","coarse","Carex bigelowii",0
"2012-07-25 to 2012-07-30","MAT06","2","CT","2","T","coarse","Carex bigelowii",0
"2012-07-25 to 2012-07-30","MAT06","2","CT","3","T","coarse","Carex bigelowii",0
"2012-07-25 to 2012-07-30","MAT06","2","CT","4","T","coarse","Carex bigelowii",0
"2012-07-25 to 2012-07-30","MAT06","2","CT","5","T","coarse","Carex bigelowii",0
"2012-07-25 to 2012-07-30","MAT06","3","CT","1","T","coarse","Carex bigelowii",0
"2012-07-25 to 2012-07-30","MAT06","3","CT","2","T","coarse","Carex bigelowii",0
"2012-07-25 to 2012-07-30","MAT06","3","CT","3","T","coarse","Carex bigelowii",0
"2012-07-25 to 2012-07-30","MAT06","3","CT","4","T","coarse","Carex bigelowii",0
"2012-07-25 to 2012-07-30","MAT06","3","CT","5","T","coarse","Carex bigelowii",0
"2012-07-25 to 2012-07-30","MAT06","1","CT","1","T","fine","Carex bigelowii",0.009
"2012-07-25 to 2012-07-30","MAT06","1","CT","2","T","fine","Carex bigelowii",0
"2012-07-25 to 2012-07-30","MAT06","1","CT","3","T","fine","Carex bigelowii",0.041
"2012-07-25 to 2012-07-30","MAT06","1","CT","4","T","fine","Carex bigelowii",0
"2012-07-25 to 2012-07-30","MAT06","1","CT","5","T","fine","Carex bigelowii",0
"2012-07-25 to 2012-07-30","MAT06","2","CT","1","T","fine","Carex bigelowii",0
"2012-07-25 to 2012-07-30","MAT06","2","CT","2","T","fine","Carex bigelowii",0
"2012-07-25 to 2012-07-30","MAT06","2","CT","3","T","fine","Carex bigelowii",0.038
"2012-07-25 to 2012-07-30","MAT06","2","CT","4","T","fine","Carex bigelowii",0
"2012-07-25 to 2012-07-30","MAT06","2","CT","5","T","fine","Carex bigelowii",0.014
"2012-07-25 to 2012-07-30","MAT06","3","CT","1","T","fine","Carex bigelowii",0.92
"2012-07-25 to 2012-07-30","MAT06","3","CT","2","T","fine","Carex bigelowii",0.109
"2012-07-25 to 2012-07-30","MAT06","3","CT","3","T","fine","Carex bigelowii",0
"2012-07-25 to 2012-07-30","MAT06","3","CT","4","T","fine","Carex bigelowii",0.307
"2012-07-25 to 2012-07-30","MAT06","3","CT","5","T","fine","Carex bigelowii",0.117
"2012-07-25 to 2012-07-30","MAT06","1","CT","1","T","coarse","Other Roots",0.111
"2012-07-25 to 2012-07-30","MAT06","1","CT","2","T","coarse","Other Roots",0
"2012-07-25 to 2012-07-30","MAT06","1","CT","3","T","coarse","Other Roots",0
"2012-07-25 to 2012-07-30","MAT06","1","CT","4","T","coarse","Other Roots",0
"2012-07-25 to 2012-07-30","MAT06","1","CT","5","T","coarse","Other Roots",0
"2012-07-25 to 2012-07-30","MAT06","2","CT","1","T","coarse","Other Roots",0
"2012-07-25 to 2012-07-30","MAT06","2","CT","2","T","coarse","Other Roots",0
"2012-07-25 to 2012-07-30","MAT06","2","CT","3","T","coarse","Other Roots",0
"2012-07-25 to 2012-07-30","MAT06","2","CT","4","T","coarse","Other Roots",0
"2012-07-25 to 2012-07-30","MAT06","2","CT","5","T","coarse","Other Roots",0
"2012-07-25 to 2012-07-30","MAT06","3","CT","1","T","coarse","Other Roots",0
"2012-07-25 to 2012-07-30","MAT06","3","CT","2","T","coarse","Other Roots",0
"2012-07-25 to 2012-07-30","MAT06","3","CT","3","T","coarse","Other Roots",0
"2012-07-25 to 2012-07-30","MAT06","3","CT","4","T","coarse","Other Roots",0
"2012-07-25 to 2012-07-30","MAT06","3","CT","5","T","coarse","Other Roots",0
"2012-07-25 to 2012-07-30","MAT06","1","CT","1","T","fine","Other Roots",0.711
"2012-07-25 to 2012-07-30","MAT06","1","CT","2","T","fine","Other Roots",0.393
"2012-07-25 to 2012-07-30","MAT06","1","CT","3","T","fine","Other Roots",0.3
"2012-07-25 to 2012-07-30","MAT06","1","CT","4","T","fine","Other Roots",0.828
"2012-07-25 to 2012-07-30","MAT06","1","CT","5","T","fine","Other Roots",0.18
"2012-07-25 to 2012-07-30","MAT06","2","CT","1","T","fine","Other Roots",0.404
"2012-07-25 to 2012-07-30","MAT06","2","CT","2","T","fine","Other Roots",0.329
"2012-07-25 to 2012-07-30","MAT06","2","CT","3","T","fine","Other Roots",0.818
"2012-07-25 to 2012-07-30","MAT06","2","CT","4","T","fine","Other Roots",0.114
"2012-07-25 to 2012-07-30","MAT06","2","CT","5","T","fine","Other Roots",0.554
"2012-07-25 to 2012-07-30","MAT06","3","CT","1","T","fine","Other Roots",0.58
"2012-07-25 to 2012-07-30","MAT06","3","CT","2","T","fine","Other Roots",0.732
"2012-07-25 to 2012-07-30","MAT06","3","CT","3","T","fine","Other Roots",0.373
"2012-07-25 to 2012-07-30","MAT06","3","CT","4","T","fine","Other Roots",0.61
"2012-07-25 to 2012-07-30","MAT06","3","CT","5","T","fine","Other Roots",0.557
"2012-07-25 to 2012-07-30","MAT06","1","CT","1","M","coarse","Eriophorum vaginatum",0
"2012-07-25 to 2012-07-30","MAT06","1","CT","2","M","coarse","Eriophorum vaginatum",0
"2012-07-25 to 2012-07-30","MAT06","1","CT","3","M","coarse","Eriophorum vaginatum",0
"2012-07-25 to 2012-07-30","MAT06","1","CT","4","M","coarse","Eriophorum vaginatum",NA
"2012-07-25 to 2012-07-30","MAT06","1","CT","5","M","coarse","Eriophorum vaginatum",0
"2012-07-25 to 2012-07-30","MAT06","2","CT","1","M","coarse","Eriophorum vaginatum",0
"2012-07-25 to 2012-07-30","MAT06","2","CT","2","M","coarse","Eriophorum vaginatum",NA
"2012-07-25 to 2012-07-30","MAT06","2","CT","3","M","coarse","Eriophorum vaginatum",0
"2012-07-25 to 2012-07-30","MAT06","2","CT","4","M","coarse","Eriophorum vaginatum",0
"2012-07-25 to 2012-07-30","MAT06","2","CT","5","M","coarse","Eriophorum vaginatum",0
"2012-07-25 to 2012-07-30","MAT06","3","CT","1","M","coarse","Eriophorum vaginatum",0
"2012-07-25 to 2012-07-30","MAT06","3","CT","2","M","coarse","Eriophorum vaginatum",0
"2012-07-25 to 2012-07-30","MAT06","3","CT","3","M","coarse","Eriophorum vaginatum",0
"2012-07-25 to 2012-07-30","MAT06","3","CT","4","M","coarse","Eriophorum vaginatum",0
"2012-07-25 to 2012-07-30","MAT06","3","CT","5","M","coarse","Eriophorum vaginatum",0
"2012-07-25 to 2012-07-30","MAT06","1","CT","1","M","fine","Eriophorum vaginatum",0.017
"2012-07-25 to 2012-07-30","MAT06","1","CT","2","M","fine","Eriophorum vaginatum",0
"2012-07-25 to 2012-07-30","MAT06","1","CT","3","M","fine","Eriophorum vaginatum",0
"2012-07-25 to 2012-07-30","MAT06","1","CT","4","M","fine","Eriophorum vaginatum",NA
"2012-07-25 to 2012-07-30","MAT06","1","CT","5","M","fine","Eriophorum vaginatum",0.035
"2012-07-25 to 2012-07-30","MAT06","2","CT","1","M","fine","Eriophorum vaginatum",0
"2012-07-25 to 2012-07-30","MAT06","2","CT","2","M","fine","Eriophorum vaginatum",NA
"2012-07-25 to 2012-07-30","MAT06","2","CT","3","M","fine","Eriophorum vaginatum",0.18
"2012-07-25 to 2012-07-30","MAT06","2","CT","4","M","fine","Eriophorum vaginatum",0
"2012-07-25 to 2012-07-30","MAT06","2","CT","5","M","fine","Eriophorum vaginatum",0.053
"2012-07-25 to 2012-07-30","MAT06","3","CT","1","M","fine","Eriophorum vaginatum",0.003
"2012-07-25 to 2012-07-30","MAT06","3","CT","2","M","fine","Eriophorum vaginatum",0.042
"2012-07-25 to 2012-07-30","MAT06","3","CT","3","M","fine","Eriophorum vaginatum",0.043
"2012-07-25 to 2012-07-30","MAT06","3","CT","4","M","fine","Eriophorum vaginatum",0
"2012-07-25 to 2012-07-30","MAT06","3","CT","5","M","fine","Eriophorum vaginatum",0.004
"2012-07-25 to 2012-07-30","MAT06","1","CT","1","M","coarse","Carex bigelowii",0
"2012-07-25 to 2012-07-30","MAT06","1","CT","2","M","coarse","Carex bigelowii",0
"2012-07-25 to 2012-07-30","MAT06","1","CT","3","M","coarse","Carex bigelowii",0
"2012-07-25 to 2012-07-30","MAT06","1","CT","4","M","coarse","Carex bigelowii",NA
"2012-07-25 to 2012-07-30","MAT06","1","CT","5","M","coarse","Carex bigelowii",0
"2012-07-25 to 2012-07-30","MAT06","2","CT","1","M","coarse","Carex bigelowii",0
"2012-07-25 to 2012-07-30","MAT06","2","CT","2","M","coarse","Carex bigelowii",NA
"2012-07-25 to 2012-07-30","MAT06","2","CT","3","M","coarse","Carex bigelowii",0
"2012-07-25 to 2012-07-30","MAT06","2","CT","4","M","coarse","Carex bigelowii",0
"2012-07-25 to 2012-07-30","MAT06","2","CT","5","M","coarse","Carex bigelowii",0
"2012-07-25 to 2012-07-30","MAT06","3","CT","1","M","coarse","Carex bigelowii",0
"2012-07-25 to 2012-07-30","MAT06","3","CT","2","M","coarse","Carex bigelowii",0
"2012-07-25 to 2012-07-30","MAT06","3","CT","3","M","coarse","Carex bigelowii",0
"2012-07-25 to 2012-07-30","MAT06","3","CT","4","M","coarse","Carex bigelowii",0
"2012-07-25 to 2012-07-30","MAT06","3","CT","5","M","coarse","Carex bigelowii",0
"2012-07-25 to 2012-07-30","MAT06","1","CT","1","M","fine","Carex bigelowii",0
"2012-07-25 to 2012-07-30","MAT06","1","CT","2","M","fine","Carex bigelowii",0
"2012-07-25 to 2012-07-30","MAT06","1","CT","3","M","fine","Carex bigelowii",0.014
"2012-07-25 to 2012-07-30","MAT06","1","CT","4","M","fine","Carex bigelowii",NA
"2012-07-25 to 2012-07-30","MAT06","1","CT","5","M","fine","Carex bigelowii",0
"2012-07-25 to 2012-07-30","MAT06","2","CT","1","M","fine","Carex bigelowii",0.091
"2012-07-25 to 2012-07-30","MAT06","2","CT","2","M","fine","Carex bigelowii",NA
"2012-07-25 to 2012-07-30","MAT06","2","CT","3","M","fine","Carex bigelowii",0
"2012-07-25 to 2012-07-30","MAT06","2","CT","4","M","fine","Carex bigelowii",0
"2012-07-25 to 2012-07-30","MAT06","2","CT","5","M","fine","Carex bigelowii",0
"2012-07-25 to 2012-07-30","MAT06","3","CT","1","M","fine","Carex bigelowii",0
"2012-07-25 to 2012-07-30","MAT06","3","CT","2","M","fine","Carex bigelowii",0
"2012-07-25 to 2012-07-30","MAT06","3","CT","3","M","fine","Carex bigelowii",0
"2012-07-25 to 2012-07-30","MAT06","3","CT","4","M","fine","Carex bigelowii",0
"2012-07-25 to 2012-07-30","MAT06","3","CT","5","M","fine","Carex bigelowii",0.077
"2012-07-25 to 2012-07-30","MAT06","1","CT","1","M","coarse","Other Roots",0
"2012-07-25 to 2012-07-30","MAT06","1","CT","2","M","coarse","Other Roots",0
"2012-07-25 to 2012-07-30","MAT06","1","CT","3","M","coarse","Other Roots",0
"2012-07-25 to 2012-07-30","MAT06","1","CT","4","M","coarse","Other Roots",NA
"2012-07-25 to 2012-07-30","MAT06","1","CT","5","M","coarse","Other Roots",0
"2012-07-25 to 2012-07-30","MAT06","2","CT","1","M","coarse","Other Roots",0
"2012-07-25 to 2012-07-30","MAT06","2","CT","2","M","coarse","Other Roots",NA
"2012-07-25 to 2012-07-30","MAT06","2","CT","3","M","coarse","Other Roots",0
"2012-07-25 to 2012-07-30","MAT06","2","CT","4","M","coarse","Other Roots",0
"2012-07-25 to 2012-07-30","MAT06","2","CT","5","M","coarse","Other Roots",0
"2012-07-25 to 2012-07-30","MAT06","3","CT","1","M","coarse","Other Roots",0
"2012-07-25 to 2012-07-30","MAT06","3","CT","2","M","coarse","Other Roots",0
"2012-07-25 to 2012-07-30","MAT06","3","CT","3","M","coarse","Other Roots",0
"2012-07-25 to 2012-07-30","MAT06","3","CT","4","M","coarse","Other Roots",0
"2012-07-25 to 2012-07-30","MAT06","3","CT","5","M","coarse","Other Roots",0
"2012-07-25 to 2012-07-30","MAT06","1","CT","1","M","fine","Other Roots",0.734
"2012-07-25 to 2012-07-30","MAT06","1","CT","2","M","fine","Other Roots",0.164
"2012-07-25 to 2012-07-30","MAT06","1","CT","3","M","fine","Other Roots",0.815
"2012-07-25 to 2012-07-30","MAT06","1","CT","4","M","fine","Other Roots",NA
"2012-07-25 to 2012-07-30","MAT06","1","CT","5","M","fine","Other Roots",0.082
"2012-07-25 to 2012-07-30","MAT06","2","CT","1","M","fine","Other Roots",1.517
"2012-07-25 to 2012-07-30","MAT06","2","CT","2","M","fine","Other Roots",NA
"2012-07-25 to 2012-07-30","MAT06","2","CT","3","M","fine","Other Roots",0.132
"2012-07-25 to 2012-07-30","MAT06","2","CT","4","M","fine","Other Roots",0.076
"2012-07-25 to 2012-07-30","MAT06","2","CT","5","M","fine","Other Roots",0.31
"2012-07-25 to 2012-07-30","MAT06","3","CT","1","M","fine","Other Roots",0.46
"2012-07-25 to 2012-07-30","MAT06","3","CT","2","M","fine","Other Roots",0.963
"2012-07-25 to 2012-07-30","MAT06","3","CT","3","M","fine","Other Roots",0.114
"2012-07-25 to 2012-07-30","MAT06","3","CT","4","M","fine","Other Roots",1.629
"2012-07-25 to 2012-07-30","MAT06","3","CT","5","M","fine","Other Roots",0.351
"2012-07-25 to 2012-07-30","MAT06","1","F2","1","O","coarse","Eriophorum vaginatum",0
"2012-07-25 to 2012-07-30","MAT06","1","F2","2","O","coarse","Eriophorum vaginatum",0
"2012-07-25 to 2012-07-30","MAT06","1","F2","3","O","coarse","Eriophorum vaginatum",0
"2012-07-25 to 2012-07-30","MAT06","1","F2","4","O","coarse","Eriophorum vaginatum",0
"2012-07-25 to 2012-07-30","MAT06","1","F2","5","O","coarse","Eriophorum vaginatum",0
"2012-07-25 to 2012-07-30","MAT06","2","F2","1","O","coarse","Eriophorum vaginatum",0
"2012-07-25 to 2012-07-30","MAT06","2","F2","2","O","coarse","Eriophorum vaginatum",0
"2012-07-25 to 2012-07-30","MAT06","2","F2","3","O","coarse","Eriophorum vaginatum",0
"2012-07-25 to 2012-07-30","MAT06","2","F2","4","O","coarse","Eriophorum vaginatum",0
"2012-07-25 to 2012-07-30","MAT06","2","F2","5","O","coarse","Eriophorum vaginatum",0
"2012-07-25 to 2012-07-30","MAT06","3","F2","1","O","coarse","Eriophorum vaginatum",0
"2012-07-25 to 2012-07-30","MAT06","3","F2","2","O","coarse","Eriophorum vaginatum",0
"2012-07-25 to 2012-07-30","MAT06","3","F2","3","O","coarse","Eriophorum vaginatum",0
"2012-07-25 to 2012-07-30","MAT06","3","F2","4","O","coarse","Eriophorum vaginatum",0
"2012-07-25 to 2012-07-30","MAT06","3","F2","5","O","coarse","Eriophorum vaginatum",0
"2012-07-25 to 2012-07-30","MAT06","1","F2","1","O","fine","Eriophorum vaginatum",0.027
"2012-07-25 to 2012-07-30","MAT06","1","F2","2","O","fine","Eriophorum vaginatum",0.012
"2012-07-25 to 2012-07-30","MAT06","1","F2","3","O","fine","Eriophorum vaginatum",0.005
"2012-07-25 to 2012-07-30","MAT06","1","F2","4","O","fine","Eriophorum vaginatum",0
"2012-07-25 to 2012-07-30","MAT06","1","F2","5","O","fine","Eriophorum vaginatum",0
"2012-07-25 to 2012-07-30","MAT06","2","F2","1","O","fine","Eriophorum vaginatum",0.139
"2012-07-25 to 2012-07-30","MAT06","2","F2","2","O","fine","Eriophorum vaginatum",0
"2012-07-25 to 2012-07-30","MAT06","2","F2","3","O","fine","Eriophorum vaginatum",0.047
"2012-07-25 to 2012-07-30","MAT06","2","F2","4","O","fine","Eriophorum vaginatum",0.063
"2012-07-25 to 2012-07-30","MAT06","2","F2","5","O","fine","Eriophorum vaginatum",0
"2012-07-25 to 2012-07-30","MAT06","3","F2","1","O","fine","Eriophorum vaginatum",0
"2012-07-25 to 2012-07-30","MAT06","3","F2","2","O","fine","Eriophorum vaginatum",0
"2012-07-25 to 2012-07-30","MAT06","3","F2","3","O","fine","Eriophorum vaginatum",0
"2012-07-25 to 2012-07-30","MAT06","3","F2","4","O","fine","Eriophorum vaginatum",0
"2012-07-25 to 2012-07-30","MAT06","3","F2","5","O","fine","Eriophorum vaginatum",0
"2012-07-25 to 2012-07-30","MAT06","1","F2","1","O","coarse","Carex bigelowii",0
"2012-07-25 to 2012-07-30","MAT06","1","F2","2","O","coarse","Carex bigelowii",0
"2012-07-25 to 2012-07-30","MAT06","1","F2","3","O","coarse","Carex bigelowii",0
"2012-07-25 to 2012-07-30","MAT06","1","F2","4","O","coarse","Carex bigelowii",0
"2012-07-25 to 2012-07-30","MAT06","1","F2","5","O","coarse","Carex bigelowii",0
"2012-07-25 to 2012-07-30","MAT06","2","F2","1","O","coarse","Carex bigelowii",0
"2012-07-25 to 2012-07-30","MAT06","2","F2","2","O","coarse","Carex bigelowii",0
"2012-07-25 to 2012-07-30","MAT06","2","F2","3","O","coarse","Carex bigelowii",0
"2012-07-25 to 2012-07-30","MAT06","2","F2","4","O","coarse","Carex bigelowii",0
"2012-07-25 to 2012-07-30","MAT06","2","F2","5","O","coarse","Carex bigelowii",0
"2012-07-25 to 2012-07-30","MAT06","3","F2","1","O","coarse","Carex bigelowii",0.048
"2012-07-25 to 2012-07-30","MAT06","3","F2","2","O","coarse","Carex bigelowii",0
"2012-07-25 to 2012-07-30","MAT06","3","F2","3","O","coarse","Carex bigelowii",0
"2012-07-25 to 2012-07-30","MAT06","3","F2","4","O","coarse","Carex bigelowii",0
"2012-07-25 to 2012-07-30","MAT06","3","F2","5","O","coarse","Carex bigelowii",0
"2012-07-25 to 2012-07-30","MAT06","1","F2","1","O","fine","Carex bigelowii",0
"2012-07-25 to 2012-07-30","MAT06","1","F2","2","O","fine","Carex bigelowii",0
"2012-07-25 to 2012-07-30","MAT06","1","F2","3","O","fine","Carex bigelowii",0
"2012-07-25 to 2012-07-30","MAT06","1","F2","4","O","fine","Carex bigelowii",0
"2012-07-25 to 2012-07-30","MAT06","1","F2","5","O","fine","Carex bigelowii",0
"2012-07-25 to 2012-07-30","MAT06","2","F2","1","O","fine","Carex bigelowii",0
"2012-07-25 to 2012-07-30","MAT06","2","F2","2","O","fine","Carex bigelowii",0.01
"2012-07-25 to 2012-07-30","MAT06","2","F2","3","O","fine","Carex bigelowii",0
"2012-07-25 to 2012-07-30","MAT06","2","F2","4","O","fine","Carex bigelowii",0.226
"2012-07-25 to 2012-07-30","MAT06","2","F2","5","O","fine","Carex bigelowii",0.103
"2012-07-25 to 2012-07-30","MAT06","3","F2","1","O","fine","Carex bigelowii",0.52
"2012-07-25 to 2012-07-30","MAT06","3","F2","2","O","fine","Carex bigelowii",0.225
"2012-07-25 to 2012-07-30","MAT06","3","F2","3","O","fine","Carex bigelowii",0.137
"2012-07-25 to 2012-07-30","MAT06","3","F2","4","O","fine","Carex bigelowii",0.023
"2012-07-25 to 2012-07-30","MAT06","3","F2","5","O","fine","Carex bigelowii",0
"2012-07-25 to 2012-07-30","MAT06","1","F2","1","O","coarse","Other Graminoids",0
"2012-07-25 to 2012-07-30","MAT06","1","F2","2","O","coarse","Other Graminoids",0
"2012-07-25 to 2012-07-30","MAT06","1","F2","3","O","coarse","Other Graminoids",0
"2012-07-25 to 2012-07-30","MAT06","1","F2","4","O","coarse","Other Graminoids",0
"2012-07-25 to 2012-07-30","MAT06","1","F2","5","O","coarse","Other Graminoids",0
"2012-07-25 to 2012-07-30","MAT06","2","F2","1","O","coarse","Other Graminoids",0
"2012-07-25 to 2012-07-30","MAT06","2","F2","2","O","coarse","Other Graminoids",0
"2012-07-25 to 2012-07-30","MAT06","2","F2","3","O","coarse","Other Graminoids",0
"2012-07-25 to 2012-07-30","MAT06","2","F2","4","O","coarse","Other Graminoids",0
"2012-07-25 to 2012-07-30","MAT06","2","F2","5","O","coarse","Other Graminoids",0
"2012-07-25 to 2012-07-30","MAT06","3","F2","1","O","coarse","Other Graminoids",0
"2012-07-25 to 2012-07-30","MAT06","3","F2","2","O","coarse","Other Graminoids",0
"2012-07-25 to 2012-07-30","MAT06","3","F2","3","O","coarse","Other Graminoids",0
"2012-07-25 to 2012-07-30","MAT06","3","F2","4","O","coarse","Other Graminoids",0
"2012-07-25 to 2012-07-30","MAT06","3","F2","5","O","coarse","Other Graminoids",0
"2012-07-25 to 2012-07-30","MAT06","1","F2","1","O","fine","Other Graminoids",0.046
"2012-07-25 to 2012-07-30","MAT06","1","F2","2","O","fine","Other Graminoids",0.038
"2012-07-25 to 2012-07-30","MAT06","1","F2","3","O","fine","Other Graminoids",0
"2012-07-25 to 2012-07-30","MAT06","1","F2","4","O","fine","Other Graminoids",0.012
"2012-07-25 to 2012-07-30","MAT06","1","F2","5","O","fine","Other Graminoids",0.014
"2012-07-25 to 2012-07-30","MAT06","2","F2","1","O","fine","Other Graminoids",0.074
"2012-07-25 to 2012-07-30","MAT06","2","F2","2","O","fine","Other Graminoids",0
"2012-07-25 to 2012-07-30","MAT06","2","F2","3","O","fine","Other Graminoids",0.08
"2012-07-25 to 2012-07-30","MAT06","2","F2","4","O","fine","Other Graminoids",0
"2012-07-25 to 2012-07-30","MAT06","2","F2","5","O","fine","Other Graminoids",0
"2012-07-25 to 2012-07-30","MAT06","3","F2","1","O","fine","Other Graminoids",0
"2012-07-25 to 2012-07-30","MAT06","3","F2","2","O","fine","Other Graminoids",0
"2012-07-25 to 2012-07-30","MAT06","3","F2","3","O","fine","Other Graminoids",0
"2012-07-25 to 2012-07-30","MAT06","3","F2","4","O","fine","Other Graminoids",0
"2012-07-25 to 2012-07-30","MAT06","3","F2","5","O","fine","Other Graminoids",0
"2012-07-25 to 2012-07-30","MAT06","1","F2","1","O","coarse","Other Roots",0
"2012-07-25 to 2012-07-30","MAT06","1","F2","2","O","coarse","Other Roots",0
"2012-07-25 to 2012-07-30","MAT06","1","F2","3","O","coarse","Other Roots",0
"2012-07-25 to 2012-07-30","MAT06","1","F2","4","O","coarse","Other Roots",0
"2012-07-25 to 2012-07-30","MAT06","1","F2","5","O","coarse","Other Roots",0
"2012-07-25 to 2012-07-30","MAT06","2","F2","1","O","coarse","Other Roots",0
"2012-07-25 to 2012-07-30","MAT06","2","F2","2","O","coarse","Other Roots",0
"2012-07-25 to 2012-07-30","MAT06","2","F2","3","O","coarse","Other Roots",0
"2012-07-25 to 2012-07-30","MAT06","2","F2","4","O","coarse","Other Roots",0
"2012-07-25 to 2012-07-30","MAT06","2","F2","5","O","coarse","Other Roots",0
"2012-07-25 to 2012-07-30","MAT06","3","F2","1","O","coarse","Other Roots",0.061
"2012-07-25 to 2012-07-30","MAT06","3","F2","2","O","coarse","Other Roots",0
"2012-07-25 to 2012-07-30","MAT06","3","F2","3","O","coarse","Other Roots",0
"2012-07-25 to 2012-07-30","MAT06","3","F2","4","O","coarse","Other Roots",0
"2012-07-25 to 2012-07-30","MAT06","3","F2","5","O","coarse","Other Roots",0
"2012-07-25 to 2012-07-30","MAT06","1","F2","1","O","fine","Other Roots",0.437
"2012-07-25 to 2012-07-30","MAT06","1","F2","2","O","fine","Other Roots",1.424
"2012-07-25 to 2012-07-30","MAT06","1","F2","3","O","fine","Other Roots",0.604
"2012-07-25 to 2012-07-30","MAT06","1","F2","4","O","fine","Other Roots",0.165
"2012-07-25 to 2012-07-30","MAT06","1","F2","5","O","fine","Other Roots",1.175
"2012-07-25 to 2012-07-30","MAT06","2","F2","1","O","fine","Other Roots",0.535
"2012-07-25 to 2012-07-30","MAT06","2","F2","2","O","fine","Other Roots",0.627
"2012-07-25 to 2012-07-30","MAT06","2","F2","3","O","fine","Other Roots",1.67
"2012-07-25 to 2012-07-30","MAT06","2","F2","4","O","fine","Other Roots",2.134
"2012-07-25 to 2012-07-30","MAT06","2","F2","5","O","fine","Other Roots",0.652
"2012-07-25 to 2012-07-30","MAT06","3","F2","1","O","fine","Other Roots",0.06
"2012-07-25 to 2012-07-30","MAT06","3","F2","2","O","fine","Other Roots",1.262
"2012-07-25 to 2012-07-30","MAT06","3","F2","3","O","fine","Other Roots",0.095
"2012-07-25 to 2012-07-30","MAT06","3","F2","4","O","fine","Other Roots",0.085
"2012-07-25 to 2012-07-30","MAT06","3","F2","5","O","fine","Other Roots",0.121
"2012-07-25 to 2012-07-30","MAT06","1","F2","1","T","coarse","Eriophorum vaginatum",0
"2012-07-25 to 2012-07-30","MAT06","1","F2","2","T","coarse","Eriophorum vaginatum",0
"2012-07-25 to 2012-07-30","MAT06","1","F2","3","T","coarse","Eriophorum vaginatum",0
"2012-07-25 to 2012-07-30","MAT06","1","F2","4","T","coarse","Eriophorum vaginatum",0
"2012-07-25 to 2012-07-30","MAT06","1","F2","5","T","coarse","Eriophorum vaginatum",0
"2012-07-25 to 2012-07-30","MAT06","2","F2","1","T","coarse","Eriophorum vaginatum",0
"2012-07-25 to 2012-07-30","MAT06","2","F2","2","T","coarse","Eriophorum vaginatum",0
"2012-07-25 to 2012-07-30","MAT06","2","F2","3","T","coarse","Eriophorum vaginatum",0
"2012-07-25 to 2012-07-30","MAT06","2","F2","4","T","coarse","Eriophorum vaginatum",0
"2012-07-25 to 2012-07-30","MAT06","2","F2","5","T","coarse","Eriophorum vaginatum",0
"2012-07-25 to 2012-07-30","MAT06","3","F2","1","T","coarse","Eriophorum vaginatum",0
"2012-07-25 to 2012-07-30","MAT06","3","F2","2","T","coarse","Eriophorum vaginatum",0
"2012-07-25 to 2012-07-30","MAT06","3","F2","3","T","coarse","Eriophorum vaginatum",0
"2012-07-25 to 2012-07-30","MAT06","3","F2","4","T","coarse","Eriophorum vaginatum",0
"2012-07-25 to 2012-07-30","MAT06","3","F2","5","T","coarse","Eriophorum vaginatum",0
"2012-07-25 to 2012-07-30","MAT06","1","F2","1","T","fine","Eriophorum vaginatum",0.019
"2012-07-25 to 2012-07-30","MAT06","1","F2","2","T","fine","Eriophorum vaginatum",0.03
"2012-07-25 to 2012-07-30","MAT06","1","F2","3","T","fine","Eriophorum vaginatum",0.012
"2012-07-25 to 2012-07-30","MAT06","1","F2","4","T","fine","Eriophorum vaginatum",0
"2012-07-25 to 2012-07-30","MAT06","1","F2","5","T","fine","Eriophorum vaginatum",0.007
"2012-07-25 to 2012-07-30","MAT06","2","F2","1","T","fine","Eriophorum vaginatum",0.013
"2012-07-25 to 2012-07-30","MAT06","2","F2","2","T","fine","Eriophorum vaginatum",0
"2012-07-25 to 2012-07-30","MAT06","2","F2","3","T","fine","Eriophorum vaginatum",0.008
"2012-07-25 to 2012-07-30","MAT06","2","F2","4","T","fine","Eriophorum vaginatum",0.024
"2012-07-25 to 2012-07-30","MAT06","2","F2","5","T","fine","Eriophorum vaginatum",0.141
"2012-07-25 to 2012-07-30","MAT06","3","F2","1","T","fine","Eriophorum vaginatum",0.015
"2012-07-25 to 2012-07-30","MAT06","3","F2","2","T","fine","Eriophorum vaginatum",0.013
"2012-07-25 to 2012-07-30","MAT06","3","F2","3","T","fine","Eriophorum vaginatum",0
"2012-07-25 to 2012-07-30","MAT06","3","F2","4","T","fine","Eriophorum vaginatum",0
"2012-07-25 to 2012-07-30","MAT06","3","F2","5","T","fine","Eriophorum vaginatum",0
"2012-07-25 to 2012-07-30","MAT06","1","F2","1","T","coarse","Carex bigelowii",0
"2012-07-25 to 2012-07-30","MAT06","1","F2","2","T","coarse","Carex bigelowii",0
"2012-07-25 to 2012-07-30","MAT06","1","F2","3","T","coarse","Carex bigelowii",0
"2012-07-25 to 2012-07-30","MAT06","1","F2","4","T","coarse","Carex bigelowii",0
"2012-07-25 to 2012-07-30","MAT06","1","F2","5","T","coarse","Carex bigelowii",0
"2012-07-25 to 2012-07-30","MAT06","2","F2","1","T","coarse","Carex bigelowii",0
"2012-07-25 to 2012-07-30","MAT06","2","F2","2","T","coarse","Carex bigelowii",0
"2012-07-25 to 2012-07-30","MAT06","2","F2","3","T","coarse","Carex bigelowii",0
"2012-07-25 to 2012-07-30","MAT06","2","F2","4","T","coarse","Carex bigelowii",0
"2012-07-25 to 2012-07-30","MAT06","2","F2","5","T","coarse","Carex bigelowii",0
"2012-07-25 to 2012-07-30","MAT06","3","F2","1","T","coarse","Carex bigelowii",0
"2012-07-25 to 2012-07-30","MAT06","3","F2","2","T","coarse","Carex bigelowii",0
"2012-07-25 to 2012-07-30","MAT06","3","F2","3","T","coarse","Carex bigelowii",0
"2012-07-25 to 2012-07-30","MAT06","3","F2","4","T","coarse","Carex bigelowii",0
"2012-07-25 to 2012-07-30","MAT06","3","F2","5","T","coarse","Carex bigelowii",0
"2012-07-25 to 2012-07-30","MAT06","1","F2","1","T","fine","Carex bigelowii",0
"2012-07-25 to 2012-07-30","MAT06","1","F2","2","T","fine","Carex bigelowii",0
"2012-07-25 to 2012-07-30","MAT06","1","F2","3","T","fine","Carex bigelowii",0
"2012-07-25 to 2012-07-30","MAT06","1","F2","4","T","fine","Carex bigelowii",0.127
"2012-07-25 to 2012-07-30","MAT06","1","F2","5","T","fine","Carex bigelowii",0
"2012-07-25 to 2012-07-30","MAT06","2","F2","1","T","fine","Carex bigelowii",0
"2012-07-25 to 2012-07-30","MAT06","2","F2","2","T","fine","Carex bigelowii",0
"2012-07-25 to 2012-07-30","MAT06","2","F2","3","T","fine","Carex bigelowii",0
"2012-07-25 to 2012-07-30","MAT06","2","F2","4","T","fine","Carex bigelowii",0
"2012-07-25 to 2012-07-30","MAT06","2","F2","5","T","fine","Carex bigelowii",0
"2012-07-25 to 2012-07-30","MAT06","3","F2","1","T","fine","Carex bigelowii",0.629
"2012-07-25 to 2012-07-30","MAT06","3","F2","2","T","fine","Carex bigelowii",0.117
"2012-07-25 to 2012-07-30","MAT06","3","F2","3","T","fine","Carex bigelowii",0.439
"2012-07-25 to 2012-07-30","MAT06","3","F2","4","T","fine","Carex bigelowii",0.516
"2012-07-25 to 2012-07-30","MAT06","3","F2","5","T","fine","Carex bigelowii",0.216
"2012-07-25 to 2012-07-30","MAT06","1","F2","1","T","coarse","Other Roots",0
"2012-07-25 to 2012-07-30","MAT06","1","F2","2","T","coarse","Other Roots",0
"2012-07-25 to 2012-07-30","MAT06","1","F2","3","T","coarse","Other Roots",0
"2012-07-25 to 2012-07-30","MAT06","1","F2","4","T","coarse","Other Roots",0
"2012-07-25 to 2012-07-30","MAT06","1","F2","5","T","coarse","Other Roots",0
"2012-07-25 to 2012-07-30","MAT06","2","F2","1","T","coarse","Other Roots",0
"2012-07-25 to 2012-07-30","MAT06","2","F2","2","T","coarse","Other Roots",0
"2012-07-25 to 2012-07-30","MAT06","2","F2","3","T","coarse","Other Roots",0
"2012-07-25 to 2012-07-30","MAT06","2","F2","4","T","coarse","Other Roots",0
"2012-07-25 to 2012-07-30","MAT06","2","F2","5","T","coarse","Other Roots",0
"2012-07-25 to 2012-07-30","MAT06","3","F2","1","T","coarse","Other Roots",0
"2012-07-25 to 2012-07-30","MAT06","3","F2","2","T","coarse","Other Roots",0
"2012-07-25 to 2012-07-30","MAT06","3","F2","3","T","coarse","Other Roots",0
"2012-07-25 to 2012-07-30","MAT06","3","F2","4","T","coarse","Other Roots",0
"2012-07-25 to 2012-07-30","MAT06","3","F2","5","T","coarse","Other Roots",0
"2012-07-25 to 2012-07-30","MAT06","1","F2","1","T","fine","Other Roots",1.332
"2012-07-25 to 2012-07-30","MAT06","1","F2","2","T","fine","Other Roots",0.079
"2012-07-25 to 2012-07-30","MAT06","1","F2","3","T","fine","Other Roots",0.12
"2012-07-25 to 2012-07-30","MAT06","1","F2","4","T","fine","Other Roots",1.525
"2012-07-25 to 2012-07-30","MAT06","1","F2","5","T","fine","Other Roots",0.372
"2012-07-25 to 2012-07-30","MAT06","2","F2","1","T","fine","Other Roots",1.138
"2012-07-25 to 2012-07-30","MAT06","2","F2","2","T","fine","Other Roots",0.491
"2012-07-25 to 2012-07-30","MAT06","2","F2","3","T","fine","Other Roots",0.269
"2012-07-25 to 2012-07-30","MAT06","2","F2","4","T","fine","Other Roots",0.425
"2012-07-25 to 2012-07-30","MAT06","2","F2","5","T","fine","Other Roots",0.199
"2012-07-25 to 2012-07-30","MAT06","3","F2","1","T","fine","Other Roots",1.538
"2012-07-25 to 2012-07-30","MAT06","3","F2","2","T","fine","Other Roots",0.913
"2012-07-25 to 2012-07-30","MAT06","3","F2","3","T","fine","Other Roots",1.182
"2012-07-25 to 2012-07-30","MAT06","3","F2","4","T","fine","Other Roots",1.25
"2012-07-25 to 2012-07-30","MAT06","3","F2","5","T","fine","Other Roots",0.722
"2012-07-25 to 2012-07-30","MAT06","1","F2","1","M","coarse","Eriophorum vaginatum",0
"2012-07-25 to 2012-07-30","MAT06","1","F2","2","M","coarse","Eriophorum vaginatum",NA
"2012-07-25 to 2012-07-30","MAT06","1","F2","3","M","coarse","Eriophorum vaginatum",0
"2012-07-25 to 2012-07-30","MAT06","1","F2","4","M","coarse","Eriophorum vaginatum",0
"2012-07-25 to 2012-07-30","MAT06","1","F2","5","M","coarse","Eriophorum vaginatum",0
"2012-07-25 to 2012-07-30","MAT06","2","F2","1","M","coarse","Eriophorum vaginatum",0
"2012-07-25 to 2012-07-30","MAT06","2","F2","2","M","coarse","Eriophorum vaginatum",0
"2012-07-25 to 2012-07-30","MAT06","2","F2","3","M","coarse","Eriophorum vaginatum",NA
"2012-07-25 to 2012-07-30","MAT06","2","F2","4","M","coarse","Eriophorum vaginatum",0
"2012-07-25 to 2012-07-30","MAT06","2","F2","5","M","coarse","Eriophorum vaginatum",0
"2012-07-25 to 2012-07-30","MAT06","3","F2","1","M","coarse","Eriophorum vaginatum",0
"2012-07-25 to 2012-07-30","MAT06","3","F2","2","M","coarse","Eriophorum vaginatum",0
"2012-07-25 to 2012-07-30","MAT06","3","F2","3","M","coarse","Eriophorum vaginatum",0
"2012-07-25 to 2012-07-30","MAT06","3","F2","4","M","coarse","Eriophorum vaginatum",0
"2012-07-25 to 2012-07-30","MAT06","3","F2","5","M","coarse","Eriophorum vaginatum",0
"2012-07-25 to 2012-07-30","MAT06","1","F2","1","M","fine","Eriophorum vaginatum",0.017
"2012-07-25 to 2012-07-30","MAT06","1","F2","2","M","fine","Eriophorum vaginatum",NA
"2012-07-25 to 2012-07-30","MAT06","1","F2","3","M","fine","Eriophorum vaginatum",0.019
"2012-07-25 to 2012-07-30","MAT06","1","F2","4","M","fine","Eriophorum vaginatum",0.023
"2012-07-25 to 2012-07-30","MAT06","1","F2","5","M","fine","Eriophorum vaginatum",0
"2012-07-25 to 2012-07-30","MAT06","2","F2","1","M","fine","Eriophorum vaginatum",0.016
"2012-07-25 to 2012-07-30","MAT06","2","F2","2","M","fine","Eriophorum vaginatum",0
"2012-07-25 to 2012-07-30","MAT06","2","F2","3","M","fine","Eriophorum vaginatum",NA
"2012-07-25 to 2012-07-30","MAT06","2","F2","4","M","fine","Eriophorum vaginatum",0.018
"2012-07-25 to 2012-07-30","MAT06","2","F2","5","M","fine","Eriophorum vaginatum",0.093
"2012-07-25 to 2012-07-30","MAT06","3","F2","1","M","fine","Eriophorum vaginatum",0
"2012-07-25 to 2012-07-30","MAT06","3","F2","2","M","fine","Eriophorum vaginatum",0.006
"2012-07-25 to 2012-07-30","MAT06","3","F2","3","M","fine","Eriophorum vaginatum",0.016
"2012-07-25 to 2012-07-30","MAT06","3","F2","4","M","fine","Eriophorum vaginatum",0
"2012-07-25 to 2012-07-30","MAT06","3","F2","5","M","fine","Eriophorum vaginatum",0
"2012-07-25 to 2012-07-30","MAT06","1","F2","1","M","coarse","Carex bigelowii",0
"2012-07-25 to 2012-07-30","MAT06","1","F2","2","M","coarse","Carex bigelowii",NA
"2012-07-25 to 2012-07-30","MAT06","1","F2","3","M","coarse","Carex bigelowii",0
"2012-07-25 to 2012-07-30","MAT06","1","F2","4","M","coarse","Carex bigelowii",0
"2012-07-25 to 2012-07-30","MAT06","1","F2","5","M","coarse","Carex bigelowii",0
"2012-07-25 to 2012-07-30","MAT06","2","F2","1","M","coarse","Carex bigelowii",0
"2012-07-25 to 2012-07-30","MAT06","2","F2","2","M","coarse","Carex bigelowii",0
"2012-07-25 to 2012-07-30","MAT06","2","F2","3","M","coarse","Carex bigelowii",NA
"2012-07-25 to 2012-07-30","MAT06","2","F2","4","M","coarse","Carex bigelowii",0
"2012-07-25 to 2012-07-30","MAT06","2","F2","5","M","coarse","Carex bigelowii",0
"2012-07-25 to 2012-07-30","MAT06","3","F2","1","M","coarse","Carex bigelowii",0
"2012-07-25 to 2012-07-30","MAT06","3","F2","2","M","coarse","Carex bigelowii",0
"2012-07-25 to 2012-07-30","MAT06","3","F2","3","M","coarse","Carex bigelowii",0
"2012-07-25 to 2012-07-30","MAT06","3","F2","4","M","coarse","Carex bigelowii",0.166
"2012-07-25 to 2012-07-30","MAT06","3","F2","5","M","coarse","Carex bigelowii",0.24
"2012-07-25 to 2012-07-30","MAT06","1","F2","1","M","fine","Carex bigelowii",0
"2012-07-25 to 2012-07-30","MAT06","1","F2","2","M","fine","Carex bigelowii",NA
"2012-07-25 to 2012-07-30","MAT06","1","F2","3","M","fine","Carex bigelowii",0
"2012-07-25 to 2012-07-30","MAT06","1","F2","4","M","fine","Carex bigelowii",0.128
"2012-07-25 to 2012-07-30","MAT06","1","F2","5","M","fine","Carex bigelowii",0
"2012-07-25 to 2012-07-30","MAT06","2","F2","1","M","fine","Carex bigelowii",0
"2012-07-25 to 2012-07-30","MAT06","2","F2","2","M","fine","Carex bigelowii",0.109
"2012-07-25 to 2012-07-30","MAT06","2","F2","3","M","fine","Carex bigelowii",NA
"2012-07-25 to 2012-07-30","MAT06","2","F2","4","M","fine","Carex bigelowii",0.077
"2012-07-25 to 2012-07-30","MAT06","2","F2","5","M","fine","Carex bigelowii",0
"2012-07-25 to 2012-07-30","MAT06","3","F2","1","M","fine","Carex bigelowii",0.055
"2012-07-25 to 2012-07-30","MAT06","3","F2","2","M","fine","Carex bigelowii",0
"2012-07-25 to 2012-07-30","MAT06","3","F2","3","M","fine","Carex bigelowii",0.785
"2012-07-25 to 2012-07-30","MAT06","3","F2","4","M","fine","Carex bigelowii",0.379
"2012-07-25 to 2012-07-30","MAT06","3","F2","5","M","fine","Carex bigelowii",0.809
"2012-07-25 to 2012-07-30","MAT06","1","F2","1","M","coarse","Other Roots",0
"2012-07-25 to 2012-07-30","MAT06","1","F2","2","M","coarse","Other Roots",NA
"2012-07-25 to 2012-07-30","MAT06","1","F2","3","M","coarse","Other Roots",0
"2012-07-25 to 2012-07-30","MAT06","1","F2","4","M","coarse","Other Roots",0
"2012-07-25 to 2012-07-30","MAT06","1","F2","5","M","coarse","Other Roots",0
"2012-07-25 to 2012-07-30","MAT06","2","F2","1","M","coarse","Other Roots",0
"2012-07-25 to 2012-07-30","MAT06","2","F2","2","M","coarse","Other Roots",0
"2012-07-25 to 2012-07-30","MAT06","2","F2","3","M","coarse","Other Roots",NA
"2012-07-25 to 2012-07-30","MAT06","2","F2","4","M","coarse","Other Roots",0
"2012-07-25 to 2012-07-30","MAT06","2","F2","5","M","coarse","Other Roots",0
"2012-07-25 to 2012-07-30","MAT06","3","F2","1","M","coarse","Other Roots",0
"2012-07-25 to 2012-07-30","MAT06","3","F2","2","M","coarse","Other Roots",0
"2012-07-25 to 2012-07-30","MAT06","3","F2","3","M","coarse","Other Roots",0
"2012-07-25 to 2012-07-30","MAT06","3","F2","4","M","coarse","Other Roots",0
"2012-07-25 to 2012-07-30","MAT06","3","F2","5","M","coarse","Other Roots",0
"2012-07-25 to 2012-07-30","MAT06","1","F2","1","M","fine","Other Roots",0.209
"2012-07-25 to 2012-07-30","MAT06","1","F2","2","M","fine","Other Roots",NA
"2012-07-25 to 2012-07-30","MAT06","1","F2","3","M","fine","Other Roots",0.12
"2012-07-25 to 2012-07-30","MAT06","1","F2","4","M","fine","Other Roots",0.494
"2012-07-25 to 2012-07-30","MAT06","1","F2","5","M","fine","Other Roots",0.358
"2012-07-25 to 2012-07-30","MAT06","2","F2","1","M","fine","Other Roots",0.695
"2012-07-25 to 2012-07-30","MAT06","2","F2","2","M","fine","Other Roots",1.048
"2012-07-25 to 2012-07-30","MAT06","2","F2","3","M","fine","Other Roots",NA
"2012-07-25 to 2012-07-30","MAT06","2","F2","4","M","fine","Other Roots",0.582
"2012-07-25 to 2012-07-30","MAT06","2","F2","5","M","fine","Other Roots",0.204
"2012-07-25 to 2012-07-30","MAT06","3","F2","1","M","fine","Other Roots",0.209
"2012-07-25 to 2012-07-30","MAT06","3","F2","2","M","fine","Other Roots",1.154
"2012-07-25 to 2012-07-30","MAT06","3","F2","3","M","fine","Other Roots",0.783
"2012-07-25 to 2012-07-30","MAT06","3","F2","4","M","fine","Other Roots",0.401
"2012-07-25 to 2012-07-30","MAT06","3","F2","5","M","fine","Other Roots",0.269
"2012-07-25 to 2012-07-30","MAT06","1","F5","1","O","coarse","Eriophorum vaginatum",0
"2012-07-25 to 2012-07-30","MAT06","1","F5","2","O","coarse","Eriophorum vaginatum",0
"2012-07-25 to 2012-07-30","MAT06","1","F5","3","O","coarse","Eriophorum vaginatum",0
"2012-07-25 to 2012-07-30","MAT06","1","F5","4","O","coarse","Eriophorum vaginatum",0
"2012-07-25 to 2012-07-30","MAT06","1","F5","5","O","coarse","Eriophorum vaginatum",0
"2012-07-25 to 2012-07-30","MAT06","2","F5","1","O","coarse","Eriophorum vaginatum",0
"2012-07-25 to 2012-07-30","MAT06","2","F5","2","O","coarse","Eriophorum vaginatum",0
"2012-07-25 to 2012-07-30","MAT06","2","F5","3","O","coarse","Eriophorum vaginatum",0
"2012-07-25 to 2012-07-30","MAT06","2","F5","4","O","coarse","Eriophorum vaginatum",0
"2012-07-25 to 2012-07-30","MAT06","2","F5","5","O","coarse","Eriophorum vaginatum",0
"2012-07-25 to 2012-07-30","MAT06","3","F5","1","O","coarse","Eriophorum vaginatum",0
"2012-07-25 to 2012-07-30","MAT06","3","F5","2","O","coarse","Eriophorum vaginatum",0
"2012-07-25 to 2012-07-30","MAT06","3","F5","3","O","coarse","Eriophorum vaginatum",0
"2012-07-25 to 2012-07-30","MAT06","3","F5","4","O","coarse","Eriophorum vaginatum",0
"2012-07-25 to 2012-07-30","MAT06","3","F5","5","O","coarse","Eriophorum vaginatum",0
"2012-07-25 to 2012-07-30","MAT06","1","F5","1","O","fine","Eriophorum vaginatum",0.008
"2012-07-25 to 2012-07-30","MAT06","1","F5","2","O","fine","Eriophorum vaginatum",0.258
"2012-07-25 to 2012-07-30","MAT06","1","F5","3","O","fine","Eriophorum vaginatum",0.009
"2012-07-25 to 2012-07-30","MAT06","1","F5","4","O","fine","Eriophorum vaginatum",0
"2012-07-25 to 2012-07-30","MAT06","1","F5","5","O","fine","Eriophorum vaginatum",0.062
"2012-07-25 to 2012-07-30","MAT06","2","F5","1","O","fine","Eriophorum vaginatum",0.005
"2012-07-25 to 2012-07-30","MAT06","2","F5","2","O","fine","Eriophorum vaginatum",0.002
"2012-07-25 to 2012-07-30","MAT06","2","F5","3","O","fine","Eriophorum vaginatum",0
"2012-07-25 to 2012-07-30","MAT06","2","F5","4","O","fine","Eriophorum vaginatum",0
"2012-07-25 to 2012-07-30","MAT06","2","F5","5","O","fine","Eriophorum vaginatum",0.077
"2012-07-25 to 2012-07-30","MAT06","3","F5","1","O","fine","Eriophorum vaginatum",0.001
"2012-07-25 to 2012-07-30","MAT06","3","F5","2","O","fine","Eriophorum vaginatum",0.04
"2012-07-25 to 2012-07-30","MAT06","3","F5","3","O","fine","Eriophorum vaginatum",0
"2012-07-25 to 2012-07-30","MAT06","3","F5","4","O","fine","Eriophorum vaginatum",0
"2012-07-25 to 2012-07-30","MAT06","3","F5","5","O","fine","Eriophorum vaginatum",0
"2012-07-25 to 2012-07-30","MAT06","1","F5","1","O","coarse","Carex bigelowii",0
"2012-07-25 to 2012-07-30","MAT06","1","F5","2","O","coarse","Carex bigelowii",0
"2012-07-25 to 2012-07-30","MAT06","1","F5","3","O","coarse","Carex bigelowii",0
"2012-07-25 to 2012-07-30","MAT06","1","F5","4","O","coarse","Carex bigelowii",0
"2012-07-25 to 2012-07-30","MAT06","1","F5","5","O","coarse","Carex bigelowii",0
"2012-07-25 to 2012-07-30","MAT06","2","F5","1","O","coarse","Carex bigelowii",0
"2012-07-25 to 2012-07-30","MAT06","2","F5","2","O","coarse","Carex bigelowii",0
"2012-07-25 to 2012-07-30","MAT06","2","F5","3","O","coarse","Carex bigelowii",0
"2012-07-25 to 2012-07-30","MAT06","2","F5","4","O","coarse","Carex bigelowii",0
"2012-07-25 to 2012-07-30","MAT06","2","F5","5","O","coarse","Carex bigelowii",0
"2012-07-25 to 2012-07-30","MAT06","3","F5","1","O","coarse","Carex bigelowii",0
"2012-07-25 to 2012-07-30","MAT06","3","F5","2","O","coarse","Carex bigelowii",0
"2012-07-25 to 2012-07-30","MAT06","3","F5","3","O","coarse","Carex bigelowii",0
"2012-07-25 to 2012-07-30","MAT06","3","F5","4","O","coarse","Carex bigelowii",0
"2012-07-25 to 2012-07-30","MAT06","3","F5","5","O","coarse","Carex bigelowii",0
"2012-07-25 to 2012-07-30","MAT06","1","F5","1","O","fine","Carex bigelowii",0.355
"2012-07-25 to 2012-07-30","MAT06","1","F5","2","O","fine","Carex bigelowii",0
"2012-07-25 to 2012-07-30","MAT06","1","F5","3","O","fine","Carex bigelowii",0.04
"2012-07-25 to 2012-07-30","MAT06","1","F5","4","O","fine","Carex bigelowii",0
"2012-07-25 to 2012-07-30","MAT06","1","F5","5","O","fine","Carex bigelowii",0
"2012-07-25 to 2012-07-30","MAT06","2","F5","1","O","fine","Carex bigelowii",0
"2012-07-25 to 2012-07-30","MAT06","2","F5","2","O","fine","Carex bigelowii",0.348
"2012-07-25 to 2012-07-30","MAT06","2","F5","3","O","fine","Carex bigelowii",0.054
"2012-07-25 to 2012-07-30","MAT06","2","F5","4","O","fine","Carex bigelowii",0
"2012-07-25 to 2012-07-30","MAT06","2","F5","5","O","fine","Carex bigelowii",0.197
"2012-07-25 to 2012-07-30","MAT06","3","F5","1","O","fine","Carex bigelowii",0
"2012-07-25 to 2012-07-30","MAT06","3","F5","2","O","fine","Carex bigelowii",0.033
"2012-07-25 to 2012-07-30","MAT06","3","F5","3","O","fine","Carex bigelowii",0
"2012-07-25 to 2012-07-30","MAT06","3","F5","4","O","fine","Carex bigelowii",0
"2012-07-25 to 2012-07-30","MAT06","3","F5","5","O","fine","Carex bigelowii",0.279
"2012-07-25 to 2012-07-30","MAT06","1","F5","1","O","coarse","Other Graminoids",0
"2012-07-25 to 2012-07-30","MAT06","1","F5","2","O","coarse","Other Graminoids",0
"2012-07-25 to 2012-07-30","MAT06","1","F5","3","O","coarse","Other Graminoids",0
"2012-07-25 to 2012-07-30","MAT06","1","F5","4","O","coarse","Other Graminoids",0
"2012-07-25 to 2012-07-30","MAT06","1","F5","5","O","coarse","Other Graminoids",0
"2012-07-25 to 2012-07-30","MAT06","2","F5","1","O","coarse","Other Graminoids",0
"2012-07-25 to 2012-07-30","MAT06","2","F5","2","O","coarse","Other Graminoids",0
"2012-07-25 to 2012-07-30","MAT06","2","F5","3","O","coarse","Other Graminoids",0
"2012-07-25 to 2012-07-30","MAT06","2","F5","4","O","coarse","Other Graminoids",0
"2012-07-25 to 2012-07-30","MAT06","2","F5","5","O","coarse","Other Graminoids",0
"2012-07-25 to 2012-07-30","MAT06","3","F5","1","O","coarse","Other Graminoids",0
"2012-07-25 to 2012-07-30","MAT06","3","F5","2","O","coarse","Other Graminoids",0
"2012-07-25 to 2012-07-30","MAT06","3","F5","3","O","coarse","Other Graminoids",0
"2012-07-25 to 2012-07-30","MAT06","3","F5","4","O","coarse","Other Graminoids",0
"2012-07-25 to 2012-07-30","MAT06","3","F5","5","O","coarse","Other Graminoids",0
"2012-07-25 to 2012-07-30","MAT06","1","F5","1","O","fine","Other Graminoids",0
"2012-07-25 to 2012-07-30","MAT06","1","F5","2","O","fine","Other Graminoids",0
"2012-07-25 to 2012-07-30","MAT06","1","F5","3","O","fine","Other Graminoids",0
"2012-07-25 to 2012-07-30","MAT06","1","F5","4","O","fine","Other Graminoids",0
"2012-07-25 to 2012-07-30","MAT06","1","F5","5","O","fine","Other Graminoids",0.004
"2012-07-25 to 2012-07-30","MAT06","2","F5","1","O","fine","Other Graminoids",0
"2012-07-25 to 2012-07-30","MAT06","2","F5","2","O","fine","Other Graminoids",0
"2012-07-25 to 2012-07-30","MAT06","2","F5","3","O","fine","Other Graminoids",0.008
"2012-07-25 to 2012-07-30","MAT06","2","F5","4","O","fine","Other Graminoids",0
"2012-07-25 to 2012-07-30","MAT06","2","F5","5","O","fine","Other Graminoids",0.028
"2012-07-25 to 2012-07-30","MAT06","3","F5","1","O","fine","Other Graminoids",0
"2012-07-25 to 2012-07-30","MAT06","3","F5","2","O","fine","Other Graminoids",0
"2012-07-25 to 2012-07-30","MAT06","3","F5","3","O","fine","Other Graminoids",0
"2012-07-25 to 2012-07-30","MAT06","3","F5","4","O","fine","Other Graminoids",0
"2012-07-25 to 2012-07-30","MAT06","3","F5","5","O","fine","Other Graminoids",0
"2012-07-25 to 2012-07-30","MAT06","1","F5","1","O","coarse","Other Roots",0
"2012-07-25 to 2012-07-30","MAT06","1","F5","2","O","coarse","Other Roots",0
"2012-07-25 to 2012-07-30","MAT06","1","F5","3","O","coarse","Other Roots",0
"2012-07-25 to 2012-07-30","MAT06","1","F5","4","O","coarse","Other Roots",0
"2012-07-25 to 2012-07-30","MAT06","1","F5","5","O","coarse","Other Roots",0
"2012-07-25 to 2012-07-30","MAT06","2","F5","1","O","coarse","Other Roots",0
"2012-07-25 to 2012-07-30","MAT06","2","F5","2","O","coarse","Other Roots",0
"2012-07-25 to 2012-07-30","MAT06","2","F5","3","O","coarse","Other Roots",0
"2012-07-25 to 2012-07-30","MAT06","2","F5","4","O","coarse","Other Roots",0.318
"2012-07-25 to 2012-07-30","MAT06","2","F5","5","O","coarse","Other Roots",0
"2012-07-25 to 2012-07-30","MAT06","3","F5","1","O","coarse","Other Roots",0
"2012-07-25 to 2012-07-30","MAT06","3","F5","2","O","coarse","Other Roots",0
"2012-07-25 to 2012-07-30","MAT06","3","F5","3","O","coarse","Other Roots",0
"2012-07-25 to 2012-07-30","MAT06","3","F5","4","O","coarse","Other Roots",0.068
"2012-07-25 to 2012-07-30","MAT06","3","F5","5","O","coarse","Other Roots",0
"2012-07-25 to 2012-07-30","MAT06","1","F5","1","O","fine","Other Roots",0.404
"2012-07-25 to 2012-07-30","MAT06","1","F5","2","O","fine","Other Roots",0.656
"2012-07-25 to 2012-07-30","MAT06","1","F5","3","O","fine","Other Roots",0.319
"2012-07-25 to 2012-07-30","MAT06","1","F5","4","O","fine","Other Roots",0.318
"2012-07-25 to 2012-07-30","MAT06","1","F5","5","O","fine","Other Roots",0.993
"2012-07-25 to 2012-07-30","MAT06","2","F5","1","O","fine","Other Roots",1.082
"2012-07-25 to 2012-07-30","MAT06","2","F5","2","O","fine","Other Roots",2.71
"2012-07-25 to 2012-07-30","MAT06","2","F5","3","O","fine","Other Roots",1.654
"2012-07-25 to 2012-07-30","MAT06","2","F5","4","O","fine","Other Roots",2.108
"2012-07-25 to 2012-07-30","MAT06","2","F5","5","O","fine","Other Roots",0.921
"2012-07-25 to 2012-07-30","MAT06","3","F5","1","O","fine","Other Roots",0.881
"2012-07-25 to 2012-07-30","MAT06","3","F5","2","O","fine","Other Roots",1.6
"2012-07-25 to 2012-07-30","MAT06","3","F5","3","O","fine","Other Roots",0.843
"2012-07-25 to 2012-07-30","MAT06","3","F5","4","O","fine","Other Roots",2.433
"2012-07-25 to 2012-07-30","MAT06","3","F5","5","O","fine","Other Roots",0.427
"2012-07-25 to 2012-07-30","MAT06","1","F5","1","T","coarse","Eriophorum vaginatum",0
"2012-07-25 to 2012-07-30","MAT06","1","F5","2","T","coarse","Eriophorum vaginatum",0
"2012-07-25 to 2012-07-30","MAT06","1","F5","3","T","coarse","Eriophorum vaginatum",0
"2012-07-25 to 2012-07-30","MAT06","1","F5","4","T","coarse","Eriophorum vaginatum",0
"2012-07-25 to 2012-07-30","MAT06","1","F5","5","T","coarse","Eriophorum vaginatum",0
"2012-07-25 to 2012-07-30","MAT06","2","F5","1","T","coarse","Eriophorum vaginatum",0
"2012-07-25 to 2012-07-30","MAT06","2","F5","2","T","coarse","Eriophorum vaginatum",0
"2012-07-25 to 2012-07-30","MAT06","2","F5","3","T","coarse","Eriophorum vaginatum",0
"2012-07-25 to 2012-07-30","MAT06","2","F5","4","T","coarse","Eriophorum vaginatum",0
"2012-07-25 to 2012-07-30","MAT06","2","F5","5","T","coarse","Eriophorum vaginatum",0
"2012-07-25 to 2012-07-30","MAT06","3","F5","1","T","coarse","Eriophorum vaginatum",0
"2012-07-25 to 2012-07-30","MAT06","3","F5","2","T","coarse","Eriophorum vaginatum",0
"2012-07-25 to 2012-07-30","MAT06","3","F5","3","T","coarse","Eriophorum vaginatum",0
"2012-07-25 to 2012-07-30","MAT06","3","F5","4","T","coarse","Eriophorum vaginatum",0
"2012-07-25 to 2012-07-30","MAT06","3","F5","5","T","coarse","Eriophorum vaginatum",0
"2012-07-25 to 2012-07-30","MAT06","1","F5","1","T","fine","Eriophorum vaginatum",0
"2012-07-25 to 2012-07-30","MAT06","1","F5","2","T","fine","Eriophorum vaginatum",0.02
"2012-07-25 to 2012-07-30","MAT06","1","F5","3","T","fine","Eriophorum vaginatum",0.007
"2012-07-25 to 2012-07-30","MAT06","1","F5","4","T","fine","Eriophorum vaginatum",0.012
"2012-07-25 to 2012-07-30","MAT06","1","F5","5","T","fine","Eriophorum vaginatum",0.012
"2012-07-25 to 2012-07-30","MAT06","2","F5","1","T","fine","Eriophorum vaginatum",0.002
"2012-07-25 to 2012-07-30","MAT06","2","F5","2","T","fine","Eriophorum vaginatum",0
"2012-07-25 to 2012-07-30","MAT06","2","F5","3","T","fine","Eriophorum vaginatum",0
"2012-07-25 to 2012-07-30","MAT06","2","F5","4","T","fine","Eriophorum vaginatum",0
"2012-07-25 to 2012-07-30","MAT06","2","F5","5","T","fine","Eriophorum vaginatum",0.119
"2012-07-25 to 2012-07-30","MAT06","3","F5","1","T","fine","Eriophorum vaginatum",0
"2012-07-25 to 2012-07-30","MAT06","3","F5","2","T","fine","Eriophorum vaginatum",0
"2012-07-25 to 2012-07-30","MAT06","3","F5","3","T","fine","Eriophorum vaginatum",0.009
"2012-07-25 to 2012-07-30","MAT06","3","F5","4","T","fine","Eriophorum vaginatum",0.003
"2012-07-25 to 2012-07-30","MAT06","3","F5","5","T","fine","Eriophorum vaginatum",0
"2012-07-25 to 2012-07-30","MAT06","1","F5","1","T","coarse","Carex bigelowii",0
"2012-07-25 to 2012-07-30","MAT06","1","F5","2","T","coarse","Carex bigelowii",0
"2012-07-25 to 2012-07-30","MAT06","1","F5","3","T","coarse","Carex bigelowii",0
"2012-07-25 to 2012-07-30","MAT06","1","F5","4","T","coarse","Carex bigelowii",0
"2012-07-25 to 2012-07-30","MAT06","1","F5","5","T","coarse","Carex bigelowii",0
"2012-07-25 to 2012-07-30","MAT06","2","F5","1","T","coarse","Carex bigelowii",0
"2012-07-25 to 2012-07-30","MAT06","2","F5","2","T","coarse","Carex bigelowii",0
"2012-07-25 to 2012-07-30","MAT06","2","F5","3","T","coarse","Carex bigelowii",0
"2012-07-25 to 2012-07-30","MAT06","2","F5","4","T","coarse","Carex bigelowii",0
"2012-07-25 to 2012-07-30","MAT06","2","F5","5","T","coarse","Carex bigelowii",0
"2012-07-25 to 2012-07-30","MAT06","3","F5","1","T","coarse","Carex bigelowii",0
"2012-07-25 to 2012-07-30","MAT06","3","F5","2","T","coarse","Carex bigelowii",0
"2012-07-25 to 2012-07-30","MAT06","3","F5","3","T","coarse","Carex bigelowii",0
"2012-07-25 to 2012-07-30","MAT06","3","F5","4","T","coarse","Carex bigelowii",0
"2012-07-25 to 2012-07-30","MAT06","3","F5","5","T","coarse","Carex bigelowii",0
"2012-07-25 to 2012-07-30","MAT06","1","F5","1","T","fine","Carex bigelowii",0
"2012-07-25 to 2012-07-30","MAT06","1","F5","2","T","fine","Carex bigelowii",0
"2012-07-25 to 2012-07-30","MAT06","1","F5","3","T","fine","Carex bigelowii",0
"2012-07-25 to 2012-07-30","MAT06","1","F5","4","T","fine","Carex bigelowii",0
"2012-07-25 to 2012-07-30","MAT06","1","F5","5","T","fine","Carex bigelowii",0
"2012-07-25 to 2012-07-30","MAT06","2","F5","1","T","fine","Carex bigelowii",0
"2012-07-25 to 2012-07-30","MAT06","2","F5","2","T","fine","Carex bigelowii",0
"2012-07-25 to 2012-07-30","MAT06","2","F5","3","T","fine","Carex bigelowii",0
"2012-07-25 to 2012-07-30","MAT06","2","F5","4","T","fine","Carex bigelowii",0
"2012-07-25 to 2012-07-30","MAT06","2","F5","5","T","fine","Carex bigelowii",0
"2012-07-25 to 2012-07-30","MAT06","3","F5","1","T","fine","Carex bigelowii",0
"2012-07-25 to 2012-07-30","MAT06","3","F5","2","T","fine","Carex bigelowii",0.011
"2012-07-25 to 2012-07-30","MAT06","3","F5","3","T","fine","Carex bigelowii",0
"2012-07-25 to 2012-07-30","MAT06","3","F5","4","T","fine","Carex bigelowii",0
"2012-07-25 to 2012-07-30","MAT06","3","F5","5","T","fine","Carex bigelowii",0
"2012-07-25 to 2012-07-30","MAT06","1","F5","1","T","coarse","Other Roots",0
"2012-07-25 to 2012-07-30","MAT06","1","F5","2","T","coarse","Other Roots",0
"2012-07-25 to 2012-07-30","MAT06","1","F5","3","T","coarse","Other Roots",0
"2012-07-25 to 2012-07-30","MAT06","1","F5","4","T","coarse","Other Roots",0
"2012-07-25 to 2012-07-30","MAT06","1","F5","5","T","coarse","Other Roots",0
"2012-07-25 to 2012-07-30","MAT06","2","F5","1","T","coarse","Other Roots",0
"2012-07-25 to 2012-07-30","MAT06","2","F5","2","T","coarse","Other Roots",0
"2012-07-25 to 2012-07-30","MAT06","2","F5","3","T","coarse","Other Roots",0
"2012-07-25 to 2012-07-30","MAT06","2","F5","4","T","coarse","Other Roots",0
"2012-07-25 to 2012-07-30","MAT06","2","F5","5","T","coarse","Other Roots",0
"2012-07-25 to 2012-07-30","MAT06","3","F5","1","T","coarse","Other Roots",0
"2012-07-25 to 2012-07-30","MAT06","3","F5","2","T","coarse","Other Roots",0
"2012-07-25 to 2012-07-30","MAT06","3","F5","3","T","coarse","Other Roots",0
"2012-07-25 to 2012-07-30","MAT06","3","F5","4","T","coarse","Other Roots",0
"2012-07-25 to 2012-07-30","MAT06","3","F5","5","T","coarse","Other Roots",0
"2012-07-25 to 2012-07-30","MAT06","1","F5","1","T","fine","Other Roots",0.896
"2012-07-25 to 2012-07-30","MAT06","1","F5","2","T","fine","Other Roots",0.029
"2012-07-25 to 2012-07-30","MAT06","1","F5","3","T","fine","Other Roots",1.436
"2012-07-25 to 2012-07-30","MAT06","1","F5","4","T","fine","Other Roots",0.799
"2012-07-25 to 2012-07-30","MAT06","1","F5","5","T","fine","Other Roots",0.288
"2012-07-25 to 2012-07-30","MAT06","2","F5","1","T","fine","Other Roots",0.728
"2012-07-25 to 2012-07-30","MAT06","2","F5","2","T","fine","Other Roots",0.334
"2012-07-25 to 2012-07-30","MAT06","2","F5","3","T","fine","Other Roots",0.302
"2012-07-25 to 2012-07-30","MAT06","2","F5","4","T","fine","Other Roots",0.287
"2012-07-25 to 2012-07-30","MAT06","2","F5","5","T","fine","Other Roots",0.764
"2012-07-25 to 2012-07-30","MAT06","3","F5","1","T","fine","Other Roots",0.639
"2012-07-25 to 2012-07-30","MAT06","3","F5","2","T","fine","Other Roots",0.727
"2012-07-25 to 2012-07-30","MAT06","3","F5","3","T","fine","Other Roots",0.609
"2012-07-25 to 2012-07-30","MAT06","3","F5","4","T","fine","Other Roots",0.297
"2012-07-25 to 2012-07-30","MAT06","3","F5","5","T","fine","Other Roots",0.879
"2012-07-25 to 2012-07-30","MAT06","1","F5","1","M","coarse","Eriophorum vaginatum",0
"2012-07-25 to 2012-07-30","MAT06","1","F5","2","M","coarse","Eriophorum vaginatum",NA
"2012-07-25 to 2012-07-30","MAT06","1","F5","3","M","coarse","Eriophorum vaginatum",0
"2012-07-25 to 2012-07-30","MAT06","1","F5","4","M","coarse","Eriophorum vaginatum",0
"2012-07-25 to 2012-07-30","MAT06","1","F5","5","M","coarse","Eriophorum vaginatum",NA
"2012-07-25 to 2012-07-30","MAT06","2","F5","1","M","coarse","Eriophorum vaginatum",0
"2012-07-25 to 2012-07-30","MAT06","2","F5","2","M","coarse","Eriophorum vaginatum",NA
"2012-07-25 to 2012-07-30","MAT06","2","F5","3","M","coarse","Eriophorum vaginatum",0
"2012-07-25 to 2012-07-30","MAT06","2","F5","4","M","coarse","Eriophorum vaginatum",0
"2012-07-25 to 2012-07-30","MAT06","2","F5","5","M","coarse","Eriophorum vaginatum",NA
"2012-07-25 to 2012-07-30","MAT06","3","F5","1","M","coarse","Eriophorum vaginatum",0
"2012-07-25 to 2012-07-30","MAT06","3","F5","2","M","coarse","Eriophorum vaginatum",0
"2012-07-25 to 2012-07-30","MAT06","3","F5","3","M","coarse","Eriophorum vaginatum",0
"2012-07-25 to 2012-07-30","MAT06","3","F5","4","M","coarse","Eriophorum vaginatum",NA
"2012-07-25 to 2012-07-30","MAT06","3","F5","5","M","coarse","Eriophorum vaginatum",NA
"2012-07-25 to 2012-07-30","MAT06","1","F5","1","M","fine","Eriophorum vaginatum",0.068
"2012-07-25 to 2012-07-30","MAT06","1","F5","2","M","fine","Eriophorum vaginatum",NA
"2012-07-25 to 2012-07-30","MAT06","1","F5","3","M","fine","Eriophorum vaginatum",0
"2012-07-25 to 2012-07-30","MAT06","1","F5","4","M","fine","Eriophorum vaginatum",0.027
"2012-07-25 to 2012-07-30","MAT06","1","F5","5","M","fine","Eriophorum vaginatum",NA
"2012-07-25 to 2012-07-30","MAT06","2","F5","1","M","fine","Eriophorum vaginatum",0.012
"2012-07-25 to 2012-07-30","MAT06","2","F5","2","M","fine","Eriophorum vaginatum",NA
"2012-07-25 to 2012-07-30","MAT06","2","F5","3","M","fine","Eriophorum vaginatum",0
"2012-07-25 to 2012-07-30","MAT06","2","F5","4","M","fine","Eriophorum vaginatum",0
"2012-07-25 to 2012-07-30","MAT06","2","F5","5","M","fine","Eriophorum vaginatum",NA
"2012-07-25 to 2012-07-30","MAT06","3","F5","1","M","fine","Eriophorum vaginatum",0.045
"2012-07-25 to 2012-07-30","MAT06","3","F5","2","M","fine","Eriophorum vaginatum",0.01
"2012-07-25 to 2012-07-30","MAT06","3","F5","3","M","fine","Eriophorum vaginatum",0
"2012-07-25 to 2012-07-30","MAT06","3","F5","4","M","fine","Eriophorum vaginatum",NA
"2012-07-25 to 2012-07-30","MAT06","3","F5","5","M","fine","Eriophorum vaginatum",NA
"2012-07-25 to 2012-07-30","MAT06","1","F5","1","M","coarse","Carex bigelowii",0
"2012-07-25 to 2012-07-30","MAT06","1","F5","2","M","coarse","Carex bigelowii",NA
"2012-07-25 to 2012-07-30","MAT06","1","F5","3","M","coarse","Carex bigelowii",0
"2012-07-25 to 2012-07-30","MAT06","1","F5","4","M","coarse","Carex bigelowii",0
"2012-07-25 to 2012-07-30","MAT06","1","F5","5","M","coarse","Carex bigelowii",NA
"2012-07-25 to 2012-07-30","MAT06","2","F5","1","M","coarse","Carex bigelowii",0
"2012-07-25 to 2012-07-30","MAT06","2","F5","2","M","coarse","Carex bigelowii",NA
"2012-07-25 to 2012-07-30","MAT06","2","F5","3","M","coarse","Carex bigelowii",0
"2012-07-25 to 2012-07-30","MAT06","2","F5","4","M","coarse","Carex bigelowii",0
"2012-07-25 to 2012-07-30","MAT06","2","F5","5","M","coarse","Carex bigelowii",NA
"2012-07-25 to 2012-07-30","MAT06","3","F5","1","M","coarse","Carex bigelowii",0
"2012-07-25 to 2012-07-30","MAT06","3","F5","2","M","coarse","Carex bigelowii",0
"2012-07-25 to 2012-07-30","MAT06","3","F5","3","M","coarse","Carex bigelowii",0
"2012-07-25 to 2012-07-30","MAT06","3","F5","4","M","coarse","Carex bigelowii",NA
"2012-07-25 to 2012-07-30","MAT06","3","F5","5","M","coarse","Carex bigelowii",NA
"2012-07-25 to 2012-07-30","MAT06","1","F5","1","M","fine","Carex bigelowii",0
"2012-07-25 to 2012-07-30","MAT06","1","F5","2","M","fine","Carex bigelowii",NA
"2012-07-25 to 2012-07-30","MAT06","1","F5","3","M","fine","Carex bigelowii",0
"2012-07-25 to 2012-07-30","MAT06","1","F5","4","M","fine","Carex bigelowii",0
"2012-07-25 to 2012-07-30","MAT06","1","F5","5","M","fine","Carex bigelowii",NA
"2012-07-25 to 2012-07-30","MAT06","2","F5","1","M","fine","Carex bigelowii",0
"2012-07-25 to 2012-07-30","MAT06","2","F5","2","M","fine","Carex bigelowii",NA
"2012-07-25 to 2012-07-30","MAT06","2","F5","3","M","fine","Carex bigelowii",0
"2012-07-25 to 2012-07-30","MAT06","2","F5","4","M","fine","Carex bigelowii",0
"2012-07-25 to 2012-07-30","MAT06","2","F5","5","M","fine","Carex bigelowii",NA
"2012-07-25 to 2012-07-30","MAT06","3","F5","1","M","fine","Carex bigelowii",0
"2012-07-25 to 2012-07-30","MAT06","3","F5","2","M","fine","Carex bigelowii",0
"2012-07-25 to 2012-07-30","MAT06","3","F5","3","M","fine","Carex bigelowii",0.015
"2012-07-25 to 2012-07-30","MAT06","3","F5","4","M","fine","Carex bigelowii",NA
"2012-07-25 to 2012-07-30","MAT06","3","F5","5","M","fine","Carex bigelowii",NA
"2012-07-25 to 2012-07-30","MAT06","1","F5","1","M","coarse","Other Roots",0
"2012-07-25 to 2012-07-30","MAT06","1","F5","2","M","coarse","Other Roots",NA
"2012-07-25 to 2012-07-30","MAT06","1","F5","3","M","coarse","Other Roots",0
"2012-07-25 to 2012-07-30","MAT06","1","F5","4","M","coarse","Other Roots",0
"2012-07-25 to 2012-07-30","MAT06","1","F5","5","M","coarse","Other Roots",NA
"2012-07-25 to 2012-07-30","MAT06","2","F5","1","M","coarse","Other Roots",0
"2012-07-25 to 2012-07-30","MAT06","2","F5","2","M","coarse","Other Roots",NA
"2012-07-25 to 2012-07-30","MAT06","2","F5","3","M","coarse","Other Roots",0
"2012-07-25 to 2012-07-30","MAT06","2","F5","4","M","coarse","Other Roots",0
"2012-07-25 to 2012-07-30","MAT06","2","F5","5","M","coarse","Other Roots",NA
"2012-07-25 to 2012-07-30","MAT06","3","F5","1","M","coarse","Other Roots",0
"2012-07-25 to 2012-07-30","MAT06","3","F5","2","M","coarse","Other Roots",0
"2012-07-25 to 2012-07-30","MAT06","3","F5","3","M","coarse","Other Roots",0
"2012-07-25 to 2012-07-30","MAT06","3","F5","4","M","coarse","Other Roots",NA
"2012-07-25 to 2012-07-30","MAT06","3","F5","5","M","coarse","Other Roots",NA
"2012-07-25 to 2012-07-30","MAT06","1","F5","1","M","fine","Other Roots",0.827
"2012-07-25 to 2012-07-30","MAT06","1","F5","2","M","fine","Other Roots",NA
"2012-07-25 to 2012-07-30","MAT06","1","F5","3","M","fine","Other Roots",0.658
"2012-07-25 to 2012-07-30","MAT06","1","F5","4","M","fine","Other Roots",0.501
"2012-07-25 to 2012-07-30","MAT06","1","F5","5","M","fine","Other Roots",NA
"2012-07-25 to 2012-07-30","MAT06","2","F5","1","M","fine","Other Roots",0.264
"2012-07-25 to 2012-07-30","MAT06","2","F5","2","M","fine","Other Roots",NA
"2012-07-25 to 2012-07-30","MAT06","2","F5","3","M","fine","Other Roots",0.098
"2012-07-25 to 2012-07-30","MAT06","2","F5","4","M","fine","Other Roots",0.299
"2012-07-25 to 2012-07-30","MAT06","2","F5","5","M","fine","Other Roots",NA
"2012-07-25 to 2012-07-30","MAT06","3","F5","1","M","fine","Other Roots",0.356
"2012-07-25 to 2012-07-30","MAT06","3","F5","2","M","fine","Other Roots",0.048
"2012-07-25 to 2012-07-30","MAT06","3","F5","3","M","fine","Other Roots",1.014
"2012-07-25 to 2012-07-30","MAT06","3","F5","4","M","fine","Other Roots",NA
"2012-07-25 to 2012-07-30","MAT06","3","F5","5","M","fine","Other Roots",NA
"2012-07-25 to 2012-07-30","MAT06","1","F10","1","O","coarse","Eriophorum vaginatum",0
"2012-07-25 to 2012-07-30","MAT06","1","F10","2","O","coarse","Eriophorum vaginatum",0
"2012-07-25 to 2012-07-30","MAT06","1","F10","3","O","coarse","Eriophorum vaginatum",0
"2012-07-25 to 2012-07-30","MAT06","1","F10","4","O","coarse","Eriophorum vaginatum",0
"2012-07-25 to 2012-07-30","MAT06","1","F10","5","O","coarse","Eriophorum vaginatum",0
"2012-07-25 to 2012-07-30","MAT06","2","F10","1","O","coarse","Eriophorum vaginatum",0
"2012-07-25 to 2012-07-30","MAT06","2","F10","2","O","coarse","Eriophorum vaginatum",0
"2012-07-25 to 2012-07-30","MAT06","2","F10","3","O","coarse","Eriophorum vaginatum",0
"2012-07-25 to 2012-07-30","MAT06","2","F10","4","O","coarse","Eriophorum vaginatum",0
"2012-07-25 to 2012-07-30","MAT06","2","F10","5","O","coarse","Eriophorum vaginatum",0
"2012-07-25 to 2012-07-30","MAT06","3","F10","1","O","coarse","Eriophorum vaginatum",0
"2012-07-25 to 2012-07-30","MAT06","3","F10","2","O","coarse","Eriophorum vaginatum",0
"2012-07-25 to 2012-07-30","MAT06","3","F10","3","O","coarse","Eriophorum vaginatum",0
"2012-07-25 to 2012-07-30","MAT06","3","F10","4","O","coarse","Eriophorum vaginatum",0
"2012-07-25 to 2012-07-30","MAT06","3","F10","5","O","coarse","Eriophorum vaginatum",0
"2012-07-25 to 2012-07-30","MAT06","1","F10","1","O","fine","Eriophorum vaginatum",0.009
"2012-07-25 to 2012-07-30","MAT06","1","F10","2","O","fine","Eriophorum vaginatum",0.012
"2012-07-25 to 2012-07-30","MAT06","1","F10","3","O","fine","Eriophorum vaginatum",0.959
"2012-07-25 to 2012-07-30","MAT06","1","F10","4","O","fine","Eriophorum vaginatum",0.775
"2012-07-25 to 2012-07-30","MAT06","1","F10","5","O","fine","Eriophorum vaginatum",0.01
"2012-07-25 to 2012-07-30","MAT06","2","F10","1","O","fine","Eriophorum vaginatum",0.007
"2012-07-25 to 2012-07-30","MAT06","2","F10","2","O","fine","Eriophorum vaginatum",0
"2012-07-25 to 2012-07-30","MAT06","2","F10","3","O","fine","Eriophorum vaginatum",0
"2012-07-25 to 2012-07-30","MAT06","2","F10","4","O","fine","Eriophorum vaginatum",0.809
"2012-07-25 to 2012-07-30","MAT06","2","F10","5","O","fine","Eriophorum vaginatum",0
"2012-07-25 to 2012-07-30","MAT06","3","F10","1","O","fine","Eriophorum vaginatum",0.004
"2012-07-25 to 2012-07-30","MAT06","3","F10","2","O","fine","Eriophorum vaginatum",0
"2012-07-25 to 2012-07-30","MAT06","3","F10","3","O","fine","Eriophorum vaginatum",0
"2012-07-25 to 2012-07-30","MAT06","3","F10","4","O","fine","Eriophorum vaginatum",0.209
"2012-07-25 to 2012-07-30","MAT06","3","F10","5","O","fine","Eriophorum vaginatum",0.002
"2012-07-25 to 2012-07-30","MAT06","1","F10","1","O","coarse","Carex bigelowii",0
"2012-07-25 to 2012-07-30","MAT06","1","F10","2","O","coarse","Carex bigelowii",0
"2012-07-25 to 2012-07-30","MAT06","1","F10","3","O","coarse","Carex bigelowii",0
"2012-07-25 to 2012-07-30","MAT06","1","F10","4","O","coarse","Carex bigelowii",0
"2012-07-25 to 2012-07-30","MAT06","1","F10","5","O","coarse","Carex bigelowii",0
"2012-07-25 to 2012-07-30","MAT06","2","F10","1","O","coarse","Carex bigelowii",0
"2012-07-25 to 2012-07-30","MAT06","2","F10","2","O","coarse","Carex bigelowii",0
"2012-07-25 to 2012-07-30","MAT06","2","F10","3","O","coarse","Carex bigelowii",0
"2012-07-25 to 2012-07-30","MAT06","2","F10","4","O","coarse","Carex bigelowii",0
"2012-07-25 to 2012-07-30","MAT06","2","F10","5","O","coarse","Carex bigelowii",0
"2012-07-25 to 2012-07-30","MAT06","3","F10","1","O","coarse","Carex bigelowii",0
"2012-07-25 to 2012-07-30","MAT06","3","F10","2","O","coarse","Carex bigelowii",0
"2012-07-25 to 2012-07-30","MAT06","3","F10","3","O","coarse","Carex bigelowii",0
"2012-07-25 to 2012-07-30","MAT06","3","F10","4","O","coarse","Carex bigelowii",0
"2012-07-25 to 2012-07-30","MAT06","3","F10","5","O","coarse","Carex bigelowii",0
"2012-07-25 to 2012-07-30","MAT06","1","F10","1","O","fine","Carex bigelowii",0
"2012-07-25 to 2012-07-30","MAT06","1","F10","2","O","fine","Carex bigelowii",0.233
"2012-07-25 to 2012-07-30","MAT06","1","F10","3","O","fine","Carex bigelowii",0
"2012-07-25 to 2012-07-30","MAT06","1","F10","4","O","fine","Carex bigelowii",0
"2012-07-25 to 2012-07-30","MAT06","1","F10","5","O","fine","Carex bigelowii",0
"2012-07-25 to 2012-07-30","MAT06","2","F10","1","O","fine","Carex bigelowii",0.103
"2012-07-25 to 2012-07-30","MAT06","2","F10","2","O","fine","Carex bigelowii",0.372
"2012-07-25 to 2012-07-30","MAT06","2","F10","3","O","fine","Carex bigelowii",1.514
"2012-07-25 to 2012-07-30","MAT06","2","F10","4","O","fine","Carex bigelowii",0
"2012-07-25 to 2012-07-30","MAT06","2","F10","5","O","fine","Carex bigelowii",0
"2012-07-25 to 2012-07-30","MAT06","3","F10","1","O","fine","Carex bigelowii",0
"2012-07-25 to 2012-07-30","MAT06","3","F10","2","O","fine","Carex bigelowii",0
"2012-07-25 to 2012-07-30","MAT06","3","F10","3","O","fine","Carex bigelowii",0
"2012-07-25 to 2012-07-30","MAT06","3","F10","4","O","fine","Carex bigelowii",0.124
"2012-07-25 to 2012-07-30","MAT06","3","F10","5","O","fine","Carex bigelowii",0.017
"2012-07-25 to 2012-07-30","MAT06","1","F10","1","O","coarse","Other Graminoids",0
"2012-07-25 to 2012-07-30","MAT06","1","F10","2","O","coarse","Other Graminoids",0
"2012-07-25 to 2012-07-30","MAT06","1","F10","3","O","coarse","Other Graminoids",0
"2012-07-25 to 2012-07-30","MAT06","1","F10","4","O","coarse","Other Graminoids",0
"2012-07-25 to 2012-07-30","MAT06","1","F10","5","O","coarse","Other Graminoids",0
"2012-07-25 to 2012-07-30","MAT06","2","F10","1","O","coarse","Other Graminoids",0
"2012-07-25 to 2012-07-30","MAT06","2","F10","2","O","coarse","Other Graminoids",0
"2012-07-25 to 2012-07-30","MAT06","2","F10","3","O","coarse","Other Graminoids",0
"2012-07-25 to 2012-07-30","MAT06","2","F10","4","O","coarse","Other Graminoids",0
"2012-07-25 to 2012-07-30","MAT06","2","F10","5","O","coarse","Other Graminoids",0
"2012-07-25 to 2012-07-30","MAT06","3","F10","1","O","coarse","Other Graminoids",0
"2012-07-25 to 2012-07-30","MAT06","3","F10","2","O","coarse","Other Graminoids",0
"2012-07-25 to 2012-07-30","MAT06","3","F10","3","O","coarse","Other Graminoids",0
"2012-07-25 to 2012-07-30","MAT06","3","F10","4","O","coarse","Other Graminoids",0
"2012-07-25 to 2012-07-30","MAT06","3","F10","5","O","coarse","Other Graminoids",0
"2012-07-25 to 2012-07-30","MAT06","1","F10","1","O","fine","Other Graminoids",0.222
"2012-07-25 to 2012-07-30","MAT06","1","F10","2","O","fine","Other Graminoids",0.403
"2012-07-25 to 2012-07-30","MAT06","1","F10","3","O","fine","Other Graminoids",0
"2012-07-25 to 2012-07-30","MAT06","1","F10","4","O","fine","Other Graminoids",0.023
"2012-07-25 to 2012-07-30","MAT06","1","F10","5","O","fine","Other Graminoids",0.057
"2012-07-25 to 2012-07-30","MAT06","2","F10","1","O","fine","Other Graminoids",0.172
"2012-07-25 to 2012-07-30","MAT06","2","F10","2","O","fine","Other Graminoids",0.041
"2012-07-25 to 2012-07-30","MAT06","2","F10","3","O","fine","Other Graminoids",0.078
"2012-07-25 to 2012-07-30","MAT06","2","F10","4","O","fine","Other Graminoids",0
"2012-07-25 to 2012-07-30","MAT06","2","F10","5","O","fine","Other Graminoids",0.012
"2012-07-25 to 2012-07-30","MAT06","3","F10","1","O","fine","Other Graminoids",0
"2012-07-25 to 2012-07-30","MAT06","3","F10","2","O","fine","Other Graminoids",0
"2012-07-25 to 2012-07-30","MAT06","3","F10","3","O","fine","Other Graminoids",0.017
"2012-07-25 to 2012-07-30","MAT06","3","F10","4","O","fine","Other Graminoids",0.028
"2012-07-25 to 2012-07-30","MAT06","3","F10","5","O","fine","Other Graminoids",0
"2012-07-25 to 2012-07-30","MAT06","1","F10","1","O","coarse","Other Roots",0.578
"2012-07-25 to 2012-07-30","MAT06","1","F10","2","O","coarse","Other Roots",0
"2012-07-25 to 2012-07-30","MAT06","1","F10","3","O","coarse","Other Roots",0.225
"2012-07-25 to 2012-07-30","MAT06","1","F10","4","O","coarse","Other Roots",0
"2012-07-25 to 2012-07-30","MAT06","1","F10","5","O","coarse","Other Roots",0
"2012-07-25 to 2012-07-30","MAT06","2","F10","1","O","coarse","Other Roots",0.172
"2012-07-25 to 2012-07-30","MAT06","2","F10","2","O","coarse","Other Roots",0
"2012-07-25 to 2012-07-30","MAT06","2","F10","3","O","coarse","Other Roots",0
"2012-07-25 to 2012-07-30","MAT06","2","F10","4","O","coarse","Other Roots",0
"2012-07-25 to 2012-07-30","MAT06","2","F10","5","O","coarse","Other Roots",0
"2012-07-25 to 2012-07-30","MAT06","3","F10","1","O","coarse","Other Roots",0
"2012-07-25 to 2012-07-30","MAT06","3","F10","2","O","coarse","Other Roots",0
"2012-07-25 to 2012-07-30","MAT06","3","F10","3","O","coarse","Other Roots",0
"2012-07-25 to 2012-07-30","MAT06","3","F10","4","O","coarse","Other Roots",0
"2012-07-25 to 2012-07-30","MAT06","3","F10","5","O","coarse","Other Roots",0
"2012-07-25 to 2012-07-30","MAT06","1","F10","1","O","fine","Other Roots",2.037
"2012-07-25 to 2012-07-30","MAT06","1","F10","2","O","fine","Other Roots",1.304
"2012-07-25 to 2012-07-30","MAT06","1","F10","3","O","fine","Other Roots",0.783
"2012-07-25 to 2012-07-30","MAT06","1","F10","4","O","fine","Other Roots",0.754
"2012-07-25 to 2012-07-30","MAT06","1","F10","5","O","fine","Other Roots",1.98
"2012-07-25 to 2012-07-30","MAT06","2","F10","1","O","fine","Other Roots",0.953
"2012-07-25 to 2012-07-30","MAT06","2","F10","2","O","fine","Other Roots",0.858
"2012-07-25 to 2012-07-30","MAT06","2","F10","3","O","fine","Other Roots",1.295
"2012-07-25 to 2012-07-30","MAT06","2","F10","4","O","fine","Other Roots",0.218
"2012-07-25 to 2012-07-30","MAT06","2","F10","5","O","fine","Other Roots",0.947
"2012-07-25 to 2012-07-30","MAT06","3","F10","1","O","fine","Other Roots",0.294
"2012-07-25 to 2012-07-30","MAT06","3","F10","2","O","fine","Other Roots",0.971
"2012-07-25 to 2012-07-30","MAT06","3","F10","3","O","fine","Other Roots",0.595
"2012-07-25 to 2012-07-30","MAT06","3","F10","4","O","fine","Other Roots",2.181
"2012-07-25 to 2012-07-30","MAT06","3","F10","5","O","fine","Other Roots",2.704
"2012-07-25 to 2012-07-30","MAT06","1","F10","1","T","coarse","Eriophorum vaginatum",0
"2012-07-25 to 2012-07-30","MAT06","1","F10","2","T","coarse","Eriophorum vaginatum",0
"2012-07-25 to 2012-07-30","MAT06","1","F10","3","T","coarse","Eriophorum vaginatum",NA
"2012-07-25 to 2012-07-30","MAT06","1","F10","4","T","coarse","Eriophorum vaginatum",0
"2012-07-25 to 2012-07-30","MAT06","1","F10","5","T","coarse","Eriophorum vaginatum",0
"2012-07-25 to 2012-07-30","MAT06","2","F10","1","T","coarse","Eriophorum vaginatum",0
"2012-07-25 to 2012-07-30","MAT06","2","F10","2","T","coarse","Eriophorum vaginatum",0
"2012-07-25 to 2012-07-30","MAT06","2","F10","3","T","coarse","Eriophorum vaginatum",0
"2012-07-25 to 2012-07-30","MAT06","2","F10","4","T","coarse","Eriophorum vaginatum",0
"2012-07-25 to 2012-07-30","MAT06","2","F10","5","T","coarse","Eriophorum vaginatum",0
"2012-07-25 to 2012-07-30","MAT06","3","F10","1","T","coarse","Eriophorum vaginatum",0
"2012-07-25 to 2012-07-30","MAT06","3","F10","2","T","coarse","Eriophorum vaginatum",0
"2012-07-25 to 2012-07-30","MAT06","3","F10","3","T","coarse","Eriophorum vaginatum",0
"2012-07-25 to 2012-07-30","MAT06","3","F10","4","T","coarse","Eriophorum vaginatum",0
"2012-07-25 to 2012-07-30","MAT06","3","F10","5","T","coarse","Eriophorum vaginatum",0
"2012-07-25 to 2012-07-30","MAT06","1","F10","1","T","fine","Eriophorum vaginatum",0
"2012-07-25 to 2012-07-30","MAT06","1","F10","2","T","fine","Eriophorum vaginatum",0.014
"2012-07-25 to 2012-07-30","MAT06","1","F10","3","T","fine","Eriophorum vaginatum",NA
"2012-07-25 to 2012-07-30","MAT06","1","F10","4","T","fine","Eriophorum vaginatum",0.061
"2012-07-25 to 2012-07-30","MAT06","1","F10","5","T","fine","Eriophorum vaginatum",0.012
"2012-07-25 to 2012-07-30","MAT06","2","F10","1","T","fine","Eriophorum vaginatum",0
"2012-07-25 to 2012-07-30","MAT06","2","F10","2","T","fine","Eriophorum vaginatum",0
"2012-07-25 to 2012-07-30","MAT06","2","F10","3","T","fine","Eriophorum vaginatum",0.047
"2012-07-25 to 2012-07-30","MAT06","2","F10","4","T","fine","Eriophorum vaginatum",0.379
"2012-07-25 to 2012-07-30","MAT06","2","F10","5","T","fine","Eriophorum vaginatum",0.014
"2012-07-25 to 2012-07-30","MAT06","3","F10","1","T","fine","Eriophorum vaginatum",0.011
"2012-07-25 to 2012-07-30","MAT06","3","F10","2","T","fine","Eriophorum vaginatum",0
"2012-07-25 to 2012-07-30","MAT06","3","F10","3","T","fine","Eriophorum vaginatum",0
"2012-07-25 to 2012-07-30","MAT06","3","F10","4","T","fine","Eriophorum vaginatum",0.027
"2012-07-25 to 2012-07-30","MAT06","3","F10","5","T","fine","Eriophorum vaginatum",0
"2012-07-25 to 2012-07-30","MAT06","1","F10","1","T","coarse","Carex bigelowii",0
"2012-07-25 to 2012-07-30","MAT06","1","F10","2","T","coarse","Carex bigelowii",0
"2012-07-25 to 2012-07-30","MAT06","1","F10","3","T","coarse","Carex bigelowii",NA
"2012-07-25 to 2012-07-30","MAT06","1","F10","4","T","coarse","Carex bigelowii",0
"2012-07-25 to 2012-07-30","MAT06","1","F10","5","T","coarse","Carex bigelowii",0
"2012-07-25 to 2012-07-30","MAT06","2","F10","1","T","coarse","Carex bigelowii",0
"2012-07-25 to 2012-07-30","MAT06","2","F10","2","T","coarse","Carex bigelowii",0
"2012-07-25 to 2012-07-30","MAT06","2","F10","3","T","coarse","Carex bigelowii",0
"2012-07-25 to 2012-07-30","MAT06","2","F10","4","T","coarse","Carex bigelowii",0
"2012-07-25 to 2012-07-30","MAT06","2","F10","5","T","coarse","Carex bigelowii",0
"2012-07-25 to 2012-07-30","MAT06","3","F10","1","T","coarse","Carex bigelowii",0
"2012-07-25 to 2012-07-30","MAT06","3","F10","2","T","coarse","Carex bigelowii",0
"2012-07-25 to 2012-07-30","MAT06","3","F10","3","T","coarse","Carex bigelowii",0
"2012-07-25 to 2012-07-30","MAT06","3","F10","4","T","coarse","Carex bigelowii",0
"2012-07-25 to 2012-07-30","MAT06","3","F10","5","T","coarse","Carex bigelowii",0
"2012-07-25 to 2012-07-30","MAT06","1","F10","1","T","fine","Carex bigelowii",0.064
"2012-07-25 to 2012-07-30","MAT06","1","F10","2","T","fine","Carex bigelowii",0
"2012-07-25 to 2012-07-30","MAT06","1","F10","3","T","fine","Carex bigelowii",NA
"2012-07-25 to 2012-07-30","MAT06","1","F10","4","T","fine","Carex bigelowii",0
"2012-07-25 to 2012-07-30","MAT06","1","F10","5","T","fine","Carex bigelowii",0
"2012-07-25 to 2012-07-30","MAT06","2","F10","1","T","fine","Carex bigelowii",0
"2012-07-25 to 2012-07-30","MAT06","2","F10","2","T","fine","Carex bigelowii",0.224
"2012-07-25 to 2012-07-30","MAT06","2","F10","3","T","fine","Carex bigelowii",0
"2012-07-25 to 2012-07-30","MAT06","2","F10","4","T","fine","Carex bigelowii",0
"2012-07-25 to 2012-07-30","MAT06","2","F10","5","T","fine","Carex bigelowii",0
"2012-07-25 to 2012-07-30","MAT06","3","F10","1","T","fine","Carex bigelowii",0
"2012-07-25 to 2012-07-30","MAT06","3","F10","2","T","fine","Carex bigelowii",0.006
"2012-07-25 to 2012-07-30","MAT06","3","F10","3","T","fine","Carex bigelowii",0
"2012-07-25 to 2012-07-30","MAT06","3","F10","4","T","fine","Carex bigelowii",0.099
"2012-07-25 to 2012-07-30","MAT06","3","F10","5","T","fine","Carex bigelowii",0
"2012-07-25 to 2012-07-30","MAT06","1","F10","1","T","coarse","Other Roots",0
"2012-07-25 to 2012-07-30","MAT06","1","F10","2","T","coarse","Other Roots",0
"2012-07-25 to 2012-07-30","MAT06","1","F10","3","T","coarse","Other Roots",NA
"2012-07-25 to 2012-07-30","MAT06","1","F10","4","T","coarse","Other Roots",0
"2012-07-25 to 2012-07-30","MAT06","1","F10","5","T","coarse","Other Roots",0
"2012-07-25 to 2012-07-30","MAT06","2","F10","1","T","coarse","Other Roots",0
"2012-07-25 to 2012-07-30","MAT06","2","F10","2","T","coarse","Other Roots",0
"2012-07-25 to 2012-07-30","MAT06","2","F10","3","T","coarse","Other Roots",0
"2012-07-25 to 2012-07-30","MAT06","2","F10","4","T","coarse","Other Roots",0
"2012-07-25 to 2012-07-30","MAT06","2","F10","5","T","coarse","Other Roots",0
"2012-07-25 to 2012-07-30","MAT06","3","F10","1","T","coarse","Other Roots",0
"2012-07-25 to 2012-07-30","MAT06","3","F10","2","T","coarse","Other Roots",0
"2012-07-25 to 2012-07-30","MAT06","3","F10","3","T","coarse","Other Roots",0
"2012-07-25 to 2012-07-30","MAT06","3","F10","4","T","coarse","Other Roots",0
"2012-07-25 to 2012-07-30","MAT06","3","F10","5","T","coarse","Other Roots",0
"2012-07-25 to 2012-07-30","MAT06","1","F10","1","T","fine","Other Roots",0.252
"2012-07-25 to 2012-07-30","MAT06","1","F10","2","T","fine","Other Roots",0.063
"2012-07-25 to 2012-07-30","MAT06","1","F10","3","T","fine","Other Roots",NA
"2012-07-25 to 2012-07-30","MAT06","1","F10","4","T","fine","Other Roots",0.15
"2012-07-25 to 2012-07-30","MAT06","1","F10","5","T","fine","Other Roots",0.139
"2012-07-25 to 2012-07-30","MAT06","2","F10","1","T","fine","Other Roots",2.174
"2012-07-25 to 2012-07-30","MAT06","2","F10","2","T","fine","Other Roots",0.943
"2012-07-25 to 2012-07-30","MAT06","2","F10","3","T","fine","Other Roots",0.827
"2012-07-25 to 2012-07-30","MAT06","2","F10","4","T","fine","Other Roots",1.154
"2012-07-25 to 2012-07-30","MAT06","2","F10","5","T","fine","Other Roots",0.037
"2012-07-25 to 2012-07-30","MAT06","3","F10","1","T","fine","Other Roots",0.281
"2012-07-25 to 2012-07-30","MAT06","3","F10","2","T","fine","Other Roots",0.322
"2012-07-25 to 2012-07-30","MAT06","3","F10","3","T","fine","Other Roots",0.328
"2012-07-25 to 2012-07-30","MAT06","3","F10","4","T","fine","Other Roots",1.378
"2012-07-25 to 2012-07-30","MAT06","3","F10","5","T","fine","Other Roots",0.257
"2012-07-25 to 2012-07-30","MAT06","1","F10","1","M","coarse","Eriophorum vaginatum",0
"2012-07-25 to 2012-07-30","MAT06","1","F10","2","M","coarse","Eriophorum vaginatum",0
"2012-07-25 to 2012-07-30","MAT06","1","F10","3","M","coarse","Eriophorum vaginatum",0
"2012-07-25 to 2012-07-30","MAT06","1","F10","4","M","coarse","Eriophorum vaginatum",0
"2012-07-25 to 2012-07-30","MAT06","1","F10","5","M","coarse","Eriophorum vaginatum",0
"2012-07-25 to 2012-07-30","MAT06","2","F10","1","M","coarse","Eriophorum vaginatum",0
"2012-07-25 to 2012-07-30","MAT06","2","F10","2","M","coarse","Eriophorum vaginatum",NA
"2012-07-25 to 2012-07-30","MAT06","2","F10","3","M","coarse","Eriophorum vaginatum",NA
"2012-07-25 to 2012-07-30","MAT06","2","F10","4","M","coarse","Eriophorum vaginatum",NA
"2012-07-25 to 2012-07-30","MAT06","2","F10","5","M","coarse","Eriophorum vaginatum",0
"2012-07-25 to 2012-07-30","MAT06","3","F10","1","M","coarse","Eriophorum vaginatum",0
"2012-07-25 to 2012-07-30","MAT06","3","F10","2","M","coarse","Eriophorum vaginatum",0
"2012-07-25 to 2012-07-30","MAT06","3","F10","3","M","coarse","Eriophorum vaginatum",0
"2012-07-25 to 2012-07-30","MAT06","3","F10","4","M","coarse","Eriophorum vaginatum",0
"2012-07-25 to 2012-07-30","MAT06","3","F10","5","M","coarse","Eriophorum vaginatum",0
"2012-07-25 to 2012-07-30","MAT06","1","F10","1","M","fine","Eriophorum vaginatum",0.007
"2012-07-25 to 2012-07-30","MAT06","1","F10","2","M","fine","Eriophorum vaginatum",0.036
"2012-07-25 to 2012-07-30","MAT06","1","F10","3","M","fine","Eriophorum vaginatum",0.116
"2012-07-25 to 2012-07-30","MAT06","1","F10","4","M","fine","Eriophorum vaginatum",0.096
"2012-07-25 to 2012-07-30","MAT06","1","F10","5","M","fine","Eriophorum vaginatum",0.053
"2012-07-25 to 2012-07-30","MAT06","2","F10","1","M","fine","Eriophorum vaginatum",0.045
"2012-07-25 to 2012-07-30","MAT06","2","F10","2","M","fine","Eriophorum vaginatum",NA
"2012-07-25 to 2012-07-30","MAT06","2","F10","3","M","fine","Eriophorum vaginatum",NA
"2012-07-25 to 2012-07-30","MAT06","2","F10","4","M","fine","Eriophorum vaginatum",NA
"2012-07-25 to 2012-07-30","MAT06","2","F10","5","M","fine","Eriophorum vaginatum",0
"2012-07-25 to 2012-07-30","MAT06","3","F10","1","M","fine","Eriophorum vaginatum",0
"2012-07-25 to 2012-07-30","MAT06","3","F10","2","M","fine","Eriophorum vaginatum",0.009
"2012-07-25 to 2012-07-30","MAT06","3","F10","3","M","fine","Eriophorum vaginatum",0.015
"2012-07-25 to 2012-07-30","MAT06","3","F10","4","M","fine","Eriophorum vaginatum",0
"2012-07-25 to 2012-07-30","MAT06","3","F10","5","M","fine","Eriophorum vaginatum",0.004
"2012-07-25 to 2012-07-30","MAT06","1","F10","1","M","coarse","Carex bigelowii",0
"2012-07-25 to 2012-07-30","MAT06","1","F10","2","M","coarse","Carex bigelowii",0
"2012-07-25 to 2012-07-30","MAT06","1","F10","3","M","coarse","Carex bigelowii",0
"2012-07-25 to 2012-07-30","MAT06","1","F10","4","M","coarse","Carex bigelowii",0
"2012-07-25 to 2012-07-30","MAT06","1","F10","5","M","coarse","Carex bigelowii",0
"2012-07-25 to 2012-07-30","MAT06","2","F10","1","M","coarse","Carex bigelowii",0
"2012-07-25 to 2012-07-30","MAT06","2","F10","2","M","coarse","Carex bigelowii",NA
"2012-07-25 to 2012-07-30","MAT06","2","F10","3","M","coarse","Carex bigelowii",NA
"2012-07-25 to 2012-07-30","MAT06","2","F10","4","M","coarse","Carex bigelowii",NA
"2012-07-25 to 2012-07-30","MAT06","2","F10","5","M","coarse","Carex bigelowii",0
"2012-07-25 to 2012-07-30","MAT06","3","F10","1","M","coarse","Carex bigelowii",0
"2012-07-25 to 2012-07-30","MAT06","3","F10","2","M","coarse","Carex bigelowii",0
"2012-07-25 to 2012-07-30","MAT06","3","F10","3","M","coarse","Carex bigelowii",0
"2012-07-25 to 2012-07-30","MAT06","3","F10","4","M","coarse","Carex bigelowii",0
"2012-07-25 to 2012-07-30","MAT06","3","F10","5","M","coarse","Carex bigelowii",0
"2012-07-25 to 2012-07-30","MAT06","1","F10","1","M","fine","Carex bigelowii",0
"2012-07-25 to 2012-07-30","MAT06","1","F10","2","M","fine","Carex bigelowii",0
"2012-07-25 to 2012-07-30","MAT06","1","F10","3","M","fine","Carex bigelowii",0
"2012-07-25 to 2012-07-30","MAT06","1","F10","4","M","fine","Carex bigelowii",0
"2012-07-25 to 2012-07-30","MAT06","1","F10","5","M","fine","Carex bigelowii",0.297
"2012-07-25 to 2012-07-30","MAT06","2","F10","1","M","fine","Carex bigelowii",0
"2012-07-25 to 2012-07-30","MAT06","2","F10","2","M","fine","Carex bigelowii",NA
"2012-07-25 to 2012-07-30","MAT06","2","F10","3","M","fine","Carex bigelowii",NA
"2012-07-25 to 2012-07-30","MAT06","2","F10","4","M","fine","Carex bigelowii",NA
"2012-07-25 to 2012-07-30","MAT06","2","F10","5","M","fine","Carex bigelowii",0
"2012-07-25 to 2012-07-30","MAT06","3","F10","1","M","fine","Carex bigelowii",0
"2012-07-25 to 2012-07-30","MAT06","3","F10","2","M","fine","Carex bigelowii",0
"2012-07-25 to 2012-07-30","MAT06","3","F10","3","M","fine","Carex bigelowii",0
"2012-07-25 to 2012-07-30","MAT06","3","F10","4","M","fine","Carex bigelowii",0
"2012-07-25 to 2012-07-30","MAT06","3","F10","5","M","fine","Carex bigelowii",0
"2012-07-25 to 2012-07-30","MAT06","1","F10","1","M","coarse","Other Roots",0
"2012-07-25 to 2012-07-30","MAT06","1","F10","2","M","coarse","Other Roots",0
"2012-07-25 to 2012-07-30","MAT06","1","F10","3","M","coarse","Other Roots",0
"2012-07-25 to 2012-07-30","MAT06","1","F10","4","M","coarse","Other Roots",0
"2012-07-25 to 2012-07-30","MAT06","1","F10","5","M","coarse","Other Roots",0
"2012-07-25 to 2012-07-30","MAT06","2","F10","1","M","coarse","Other Roots",0
"2012-07-25 to 2012-07-30","MAT06","2","F10","2","M","coarse","Other Roots",NA
"2012-07-25 to 2012-07-30","MAT06","2","F10","3","M","coarse","Other Roots",NA
"2012-07-25 to 2012-07-30","MAT06","2","F10","4","M","coarse","Other Roots",NA
"2012-07-25 to 2012-07-30","MAT06","2","F10","5","M","coarse","Other Roots",0
"2012-07-25 to 2012-07-30","MAT06","3","F10","1","M","coarse","Other Roots",0
"2012-07-25 to 2012-07-30","MAT06","3","F10","2","M","coarse","Other Roots",0
"2012-07-25 to 2012-07-30","MAT06","3","F10","3","M","coarse","Other Roots",0
"2012-07-25 to 2012-07-30","MAT06","3","F10","4","M","coarse","Other Roots",0
"2012-07-25 to 2012-07-30","MAT06","3","F10","5","M","coarse","Other Roots",0
"2012-07-25 to 2012-07-30","MAT06","1","F10","1","M","fine","Other Roots",0.729
"2012-07-25 to 2012-07-30","MAT06","1","F10","2","M","fine","Other Roots",0.687
"2012-07-25 to 2012-07-30","MAT06","1","F10","3","M","fine","Other Roots",0.059
"2012-07-25 to 2012-07-30","MAT06","1","F10","4","M","fine","Other Roots",0.103
"2012-07-25 to 2012-07-30","MAT06","1","F10","5","M","fine","Other Roots",0.28
"2012-07-25 to 2012-07-30","MAT06","2","F10","1","M","fine","Other Roots",1.433
"2012-07-25 to 2012-07-30","MAT06","2","F10","2","M","fine","Other Roots",NA
"2012-07-25 to 2012-07-30","MAT06","2","F10","3","M","fine","Other Roots",NA
"2012-07-25 to 2012-07-30","MAT06","2","F10","4","M","fine","Other Roots",NA
"2012-07-25 to 2012-07-30","MAT06","2","F10","5","M","fine","Other Roots",0.066
"2012-07-25 to 2012-07-30","MAT06","3","F10","1","M","fine","Other Roots",0.11
"2012-07-25 to 2012-07-30","MAT06","3","F10","2","M","fine","Other Roots",0.1
"2012-07-25 to 2012-07-30","MAT06","3","F10","3","M","fine","Other Roots",0.079
"2012-07-25 to 2012-07-30","MAT06","3","F10","4","M","fine","Other Roots",0.135
"2012-07-25 to 2012-07-30","MAT06","3","F10","5","M","fine","Other Roots",0.045
